NameYear,2023,PrevYear,Name,Pos,Type,OTm,PrevStats,NTm,ID,Weight,Height,Age,Tm,G,GS,MP,FG%,3P,3P%,3PA,FT,FT%,FTA,ORB,TRB,AST,STL,BLK,TOV,PTS,USG%,TS%,PER,OWS,DWS,WS,WS/48,OBPM,DBPM,BPM,VORP,PrevSal,NextSal,Unnamed: 0,TeamOrTot,FG,FGA,2P,2PA,2P%,eFG%,DRB,PF,3PAr,AST%,BLK%,DRB%,FTr,ORB%,STL%,TOV%,TRB%,Salary,Team,PrevSalClean,NextSalClean,PrevSalNorm,NextSalNorm
Chris_Paul_2020,,2020.0,Chris Paul,G,UFA,PHO,"16.4 Pts, 4.5 Reb, 8.9 Ast",PHO,/players/p/paulch01.html,175.0,6-0,35.0,PHO,70.0,70.0,31.4,0.499,1.5,0.395,3.7,2.4,0.934,2.6,0.4,4.5,8.9,1.4,0.3,2.2,16.4,22.6,0.599,21.4,6.5,2.7,9.2,0.201,3.5,1.1,4.6,3.6,"$41,358,814","$30,800,000",,,,,,,,,,,,,,,,,,,,,,41.358814,30.8,42.59950262961334,30.8
Kawhi_Leonard_2020,,2020.0,Kawhi Leonard,F,UFA,LAC,"24.8 Pts, 6.5 Reb, 5.2 Ast",LAC,/players/l/leonaka01.html,225.0,6-7,29.0,LAC,52.0,52,34.1,.512,1.9,.398,4.9,5.0,.885,5.7,1.1,6.5,5.2,1.6,0.4,2.0,24.8,28.6,0.622,26.0,6.4,2.4,8.8,0.238,6.0,1.3,7.3,4.2,"$34,379,100","$39,344,900",,,,,,,,,,,,,,,,,,,,,,34.3791,39.3449,35.41041,39.3449
Enes_Freedom_2020,,2020.0,Enes Freedom,C,UFA,POR,"11.2 Pts, 11.0 Reb, 1.2 Ast",BOS,/players/k/kanteen01.html,250.0,6-10,28.0,POR,72.0,35.0,24.4,0.604,0.0,0.25,0.1,1.8,0.774,2.3,3.9,11.0,1.2,0.5,0.7,1.1,11.2,17.4,0.636,22.4,5.7,1.7,7.5,0.204,2.1,-1.4,0.6,1.2,"$5,005,350","$2,641,691",,,,,,,,,,,,,,,,,,,,,,5.00535,2.641691,5.155501327652557,2.641691
DeMar_DeRozan_2020,,2020.0,DeMar DeRozan,G-F,UFA,SAS,"21.6 Pts, 4.2 Reb, 6.9 Ast",CHI,/players/d/derozde01.html,220.0,6-6,31.0,SAS,61.0,61.0,33.7,0.495,0.3,0.257,1.2,6.3,0.88,7.2,0.7,4.2,6.9,0.9,0.2,2.0,21.6,26.1,0.591,22.0,5.9,1.5,7.4,0.172,3.2,-0.1,3.1,2.6,"$27,739,975","$26,000,000",,,,,,,,,,,,,,,,,,,,,,27.739975,26.0,28.572123416254353,26.0
John_Collins_2020,,2020.0,John Collins,F,RFA,ATL,"17.6 Pts, 7.4 Reb, 1.2 Ast",ATL,/players/c/collijo01.html,235.0,6-9,23.0,ATL,63.0,63,29.3,0.556,1.3,0.399,3.3,2.7,0.833,3.2,1.9,7.4,1.2,0.5,1.0,1.3,17.6,22.2,0.645,20.6,4.8,1.9,6.7,0.174,2.5,-0.2,2.3,2.0,"$4,137,302","$23,000,000",,,,,,,,,,,,,,,,,,,,,,4.137302,23.0,4.261413478358072,23.0
Jarrett_Allen_2020,,2020.0,Jarrett Allen,C-F,RFA,CLE,"12.8 Pts, 10.0 Reb, 1.7 Ast",CLE,/players/a/allenja01.html,243.0,6-11,22.0,TOT,63.0,45.0,29.6,0.618,0.1,0.316,0.3,3.2,0.703,4.6,3.1,10.0,1.7,0.5,1.4,1.6,12.8,16.6,0.661,20.1,4.3,2.1,6.4,0.166,1.3,-0.2,1.1,1.4,"$3,909,902","$20,000,000",,,,,,,,,,,,,,,,,,,,,,3.909902,20.0,4.027191895070551,20.0
Mike_Conley_2020,,2020.0,Mike Conley,G,UFA,UTA,"16.2 Pts, 3.5 Reb, 6.0 Ast",UTA,/players/c/conlemi01.html,175.0,6-1,33.0,UTA,51.0,51.0,29.4,0.444,2.7,0.412,6.6,2.4,0.852,2.8,0.7,3.5,6.0,1.4,0.2,1.9,16.2,23.1,0.589,19.2,4.0,2.1,6.1,0.197,3.6,1.3,4.9,2.6,"$34,504,132","$21,000,000",,,,,,,,,,,,,,,,,,,,,,34.504132,21.0,35.539192730877765,21.0
Richaun_Holmes_2020,,2020.0,Richaun Holmes,F-C,UFA,SAC,"14.2 Pts, 8.3 Reb, 1.7 Ast",SAC,/players/h/holmeri01.html,235.0,6-10,27.0,SAC,61.0,61.0,29.2,0.637,0.0,0.182,0.2,2.2,0.794,2.8,2.4,8.3,1.7,0.6,1.6,1.2,14.2,17.5,0.669,20.2,4.7,1.4,6.1,0.165,0.6,0.0,0.6,1.2,"$5,005,350","$10,384,500",,,,,,,,,,,,,,,,,,,,,,5.00535,10.3845,5.155501327652557,10.3845
Nerlens_Noel_2020,,2020.0,Nerlens Noel,C-F,UFA,NYK,"5.1 Pts, 6.4 Reb, 0.7 Ast",NYK,/players/n/noelne01.html,220.0,6-11,26.0,NYK,64.0,41,24.2,.614,0.0,.000,0.0,0.8,.714,1.1,2.2,6.4,0.7,1.1,2.2,1.0,5.1,9.2,0.638,14.8,1.6,3.6,5.2,0.162,-2.4,3.8,1.4,1.3,"$5,000,000","$8,800,000",,,,,,,,,,,,,,,,,,,,,,5.0,8.8,5.149990837456478,8.8
Kelly_Olynyk_2020,,2020.0,Kelly Olynyk,C-F,UFA,HOU,"13.5 Pts, 7.0 Reb, 2.9 Ast",DET,/players/o/olynyke01.html,240.0,6-11,29.0,TOT,70.0,62.0,28.5,0.484,1.8,0.342,5.3,2.1,0.829,2.5,1.2,7.0,2.9,1.1,0.6,1.8,13.5,19.7,0.61,16.4,2.5,2.6,5.1,0.121,0.3,0.9,1.2,1.6,"$12,819,649","$12,195,122",,,,,,,,,,,,,,,,,,,,,,12.819649,12.195122,13.204214977881621,12.195122
Nicolas_Batum_2020,,2020.0,Nicolas Batum,F-G,UFA,LAC,"8.1 Pts, 4.7 Reb, 2.2 Ast",LAC,/players/b/batumni01.html,230.0,6-8,32.0,LAC,67.0,38.0,27.4,0.464,1.6,0.404,4.1,0.7,0.828,0.9,0.7,4.7,2.2,1.0,0.6,0.8,8.1,11.8,0.617,12.9,2.7,2.3,5.0,0.132,0.6,1.5,2.1,1.9,"$9,043,478$2,564,753","$3,170,029",,,,,,,,,,,,,,,,,,,,,,11.608231,3.170029,11.95645665781565,3.170029
TJ_McConnell_2020,,2020.0,T.J. McConnell,G,UFA,IND,"8.6 Pts, 3.7 Reb, 6.6 Ast",IND,/players/m/mccontj01.html,190.0,6-1,28.0,IND,69.0,3.0,26.0,0.559,0.2,0.313,0.7,0.5,0.688,0.7,0.8,3.7,6.6,1.9,0.3,2.0,8.6,15.3,0.583,16.9,2.6,2.2,4.8,0.128,-0.2,1.7,1.4,1.5,"$3,500,000","$7,500,000",,,,,,,,,,,,,,,,,,,,,,3.5,7.5,3.6049935862195346,7.5
Bobby_Portis_2020,,2020.0,Bobby Portis,F,UFA,MIL,"11.4 Pts, 7.1 Reb, 1.1 Ast",MIL,/players/p/portibo01.html,250.0,6-10,25.0,MIL,66.0,7.0,20.8,0.523,1.1,0.471,2.4,0.8,0.74,1.1,1.9,7.1,1.1,0.8,0.4,0.8,11.4,20.9,0.598,19.9,2.8,2.0,4.8,0.167,1.8,-0.4,1.5,1.2,"$3,623,000","$4,347,600",,,,,,,,,,,,,,,,,,,,,,3.623,4.3476,3.731683360820964,4.3476
Norman_Powell_2020,,2020.0,Norman Powell,G,UFA,POR,"18.6 Pts, 3.1 Reb, 1.9 Ast",POR,/players/p/powelno01.html,215.0,6-3,27.0,TOT,69.0,58.0,32.0,0.477,2.5,0.411,6.0,3.4,0.871,3.9,0.6,3.1,1.9,1.2,0.3,1.7,18.6,22.6,0.618,16.2,3.4,1.3,4.7,0.103,1.1,-0.7,0.4,1.3,"$10,865,952","$15,517,242",,,,,,,,,,,,,,,,,,,,,,10.865952,15.517242,11.19191064804838,15.517242
Reggie_Bullock_2020,,2020.0,Reggie Bullock,G-F,UFA,NYK,"10.9 Pts, 3.4 Reb, 1.5 Ast",DAL,/players/b/bullore01.html,205.0,6-6,29.0,NYK,65.0,64.0,30.0,0.442,2.5,0.41,6.1,0.8,0.909,0.8,0.2,3.4,1.5,0.8,0.2,0.7,10.9,14.4,0.606,11.1,2.3,2.3,4.6,0.114,-0.9,0.8,-0.1,0.9,"$4,200,000","$9,536,000",,,,,,,,,,,,,,,,,,,,,,4.2,9.536,4.325992303463441,9.536
Danny_Green_2020,,2020.0,Danny Green,G-F,UFA,PHI,"9.5 Pts, 3.8 Reb, 1.7 Ast",PHI,/players/g/greenda02.html,215.0,6-6,33.0,PHI,69.0,69.0,28.0,0.412,2.5,0.405,6.3,0.4,0.775,0.6,0.8,3.8,1.7,1.3,0.8,1.0,9.5,14.0,0.582,12.1,1.6,3.1,4.6,0.115,0.4,1.5,1.9,1.9,"$15,365,853","$10,000,000",,,,,,,,,,,,,,,,,,,,,,15.365853,10.0,15.826800431940626,10.0
Bruce_Brown_2020,,2020.0,Bruce Brown,G,RFA,BRK,"8.8 Pts, 5.4 Reb, 1.6 Ast",BRK,/players/b/brownbr01.html,202.0,6-4,24.0,BRK,65.0,37.0,22.3,0.556,0.3,0.288,0.9,1.3,0.735,1.8,1.7,5.4,1.6,0.9,0.4,0.8,8.8,15.9,0.604,16.1,2.8,1.5,4.4,0.144,-0.4,0.2,-0.1,0.7,"$1,663,861","$4,736,102",,,,,,,,,,,,,,,,,,,,,,1.663861,4.736102,1.7137737809602345,4.736102
Tim_Hardaway_Jr_2020,,2020.0,Tim Hardaway Jr.,G,UFA,DAL,"16.6 Pts, 3.3 Reb, 1.8 Ast",DAL,/players/h/hardati02.html,205.0,6-5,28.0,DAL,70.0,31.0,28.4,0.447,3.0,0.391,7.6,2.0,0.816,2.5,0.3,3.3,1.8,0.4,0.2,0.9,16.6,23.4,0.589,15.7,3.2,1.2,4.3,0.105,2.0,-1.7,0.4,1.2,"$18,975,000","$21,306,816",,,,,,,,,,,,,,,,,,,,,,18.975,21.306816,19.544215228147337,21.306816
Daniel_Theis_2020,,2020.0,Daniel Theis,C,UFA,CHI,"9.6 Pts, 5.5 Reb, 1.7 Ast",HOU,/players/t/theisda01.html,245.0,6-8,28.0,TOT,65.0,51.0,24.6,0.541,0.8,0.322,2.3,1.1,0.673,1.7,1.4,5.5,1.7,0.6,0.9,1.0,9.6,15.6,0.609,15.0,2.4,1.8,4.3,0.128,-0.7,0.7,0.0,0.8,"$5,000,000","$8,372,093",,,,,,,,,,,,,,,,,,,,,,5.0,8.372093,5.149990837456478,8.372093
Jeff_Green_2020,,2020.0,Jeff Green,F,UFA,BRK,"11.0 Pts, 3.9 Reb, 1.6 Ast",DEN,/players/g/greenje02.html,235.0,6-8,34.0,BRK,68.0,38,27.0,.492,1.5,.412,3.7,1.8,.776,2.4,0.5,3.9,1.6,0.5,0.4,0.8,11.0,15.6,0.624,13.0,2.9,1.2,4.1,0.107,0.0,-0.9,-0.8,0.6,"$2,564,753","$4,500,000",,,,,,,,,,,,,,,,,,,,,,2.564753,4.5,2.6416908900678027,4.5
Kyle_Lowry_2020,,2020.0,Kyle Lowry,G,UFA,TOR,"17.2 Pts, 5.4 Reb, 7.3 Ast",MIA,/players/l/lowryky01.html,196.0,6-0,34.0,TOR,46.0,46.0,34.8,0.436,2.8,0.396,7.2,3.0,0.875,3.5,0.8,5.4,7.3,1.0,0.3,2.7,17.2,21.4,0.593,16.5,2.9,1.3,4.1,0.124,2.0,-0.4,1.6,1.5,"$30,500,000","$26,984,128",,,,,,,,,,,,,,,,,,,,,,30.5,26.984128,31.414944108484516,26.984128
Dwight_Howard_2020,,2020.0,Dwight Howard,C,UFA,PHI,"7.0 Pts, 8.4 Reb, 0.9 Ast",LAL,/players/h/howardw01.html,265.0,6-10,35.0,PHI,69.0,6.0,17.3,0.587,0.1,0.25,0.3,1.8,0.576,3.0,2.8,8.4,0.9,0.4,0.9,1.6,7.0,18.2,0.61,17.8,1.3,2.6,4.0,0.159,-2.1,0.6,-1.5,0.1,"$2,564,753","$2,641,691",,,,,,,,,,,,,,,,,,,,,,2.564753,2.641691,2.6416908900678027,2.641691
DeAndre_Jordan_2020,,2020.0,DeAndre Jordan,C,UFA,DET,"7.5 Pts, 7.5 Reb, 1.6 Ast",LAL,/players/j/jordade01.html,265.0,6-11,32.0,BRK,57.0,43.0,21.9,0.763,0.0,0.0,0.0,0.8,0.5,1.6,2.1,7.5,1.6,0.3,1.1,1.5,7.5,13.1,0.736,17.1,2.4,1.5,3.9,0.152,0.1,1.0,1.0,0.9,"$10,375,678","$592,103",,,,,,,,,,,,,,,,,,,,,,10.375678,0.592103,10.686929326479751,0.592103
Khem_Birch_2020,,2020.0,Khem Birch,C-F,UFA,TOR,"7.2 Pts, 5.8 Reb, 1.3 Ast",TOR,/players/b/birchkh01.html,233.0,6-9,28.0,TOT,67.0,22.0,22.8,0.497,0.2,0.25,0.8,1.4,0.705,1.9,2.6,5.8,1.3,0.7,0.7,0.7,7.2,13.6,0.552,15.1,2.3,1.4,3.8,0.118,-1.0,0.1,-1.0,0.4,"$2,586,036$425,463","$6,350,000",,,,,,,,,,,,,,,,,,,,,,3.011499,6.35,3.101838451401869,6.35
Taj_Gibson_2020,,2020.0,Taj Gibson,F,UFA,NYK,"5.4 Pts, 5.6 Reb, 0.8 Ast",NYK,/players/g/gibsota01.html,232.0,6-9,35.0,NYK,45.0,3.0,20.8,0.627,0.1,0.2,0.3,0.9,0.727,1.2,2.2,5.6,0.8,0.7,1.1,0.5,5.4,9.7,0.661,16.0,2.1,1.7,3.8,0.195,-0.7,2.1,1.3,0.8,"$3,283,684","$4,910,000",,,,,,,,,,,,,,,,,,,,,,3.283684,4.91,3.382188502620487,4.91
Doug_McDermott_2020,,2020.0,Doug McDermott,F,UFA,IND,"13.6 Pts, 3.3 Reb, 1.3 Ast",SAS,/players/m/mcderdo01.html,225.0,6-7,29.0,IND,66.0,29.0,24.5,0.532,1.7,0.388,4.3,1.2,0.816,1.5,0.9,3.3,1.3,0.3,0.1,0.8,13.6,20.0,0.635,15.6,3.1,0.7,3.8,0.112,1.4,-2.0,-0.6,0.6,"$7,333,333","$13,750,000",,,,,,,,,,,,,,,,,,,,,,7.333333,13.75,7.553319551603445,13.75
Dennis_Schroder_2020,,2020.0,Dennis Schröder,G,UFA,LAL,"15.4 Pts, 3.5 Reb, 5.8 Ast",BOS,/players/s/schrode01.html,172.0,6-3,27.0,LAL,61.0,61.0,32.1,0.437,1.2,0.335,3.5,3.4,0.848,4.0,0.5,3.5,5.8,1.1,0.2,2.7,15.4,22.9,0.543,13.8,1.0,2.7,3.8,0.093,-1.3,0.1,-1.2,0.4,"$16,000,000","$5,890,000",,,,,,,,,,,,,,,,,,,,,,16.0,5.89,16.47997067986073,5.890000000000001
Reggie_Jackson_2020,,2020.0,Reggie Jackson,G,UFA,LAC,"10.7 Pts, 2.9 Reb, 3.1 Ast",LAC,/players/j/jacksre01.html,208.0,6-2,30.0,LAC,67.0,43.0,23.0,0.45,1.8,0.433,4.2,1.0,0.817,1.2,0.4,2.9,3.1,0.6,0.1,1.1,10.7,19.9,0.576,14.2,2.3,1.4,3.7,0.115,0.6,-0.2,0.4,0.9,"$2,331,593","$10,384,500",,,,,,,,,,,,,,,,,,,,,,2.331593,10.3845,2.4015365173355323,10.3845
Robin_Lopez_2020,,2020.0,Robin Lopez,C,UFA,WAS,"9.0 Pts, 3.8 Reb, 0.8 Ast",ORL,/players/l/lopezro01.html,281.0,7-0,32.0,WAS,71.0,9.0,19.1,0.633,0.1,0.278,0.3,1.4,0.723,1.9,2.0,3.8,0.8,0.2,0.6,1.1,9.0,17.1,0.661,16.7,2.8,0.9,3.7,0.131,0.2,-1.2,-1.0,0.4,"$7,300,000","$5,000,000",,,,,,,,,,,,,,,,,,,,,,7.3,5.0,7.518986622686458,5.0
Duncan_Robinson_2020,,2020.0,Duncan Robinson,G-F,RFA,MIA,"13.1 Pts, 3.5 Reb, 1.8 Ast",MIA,/players/r/robindu01.html,215.0,6-7,26.0,MIA,72.0,72,31.4,0.439,3.5,0.408,8.5,0.9,0.827,1.0,0.1,3.5,1.8,0.6,0.3,1.1,13.1,16.6,0.628,11.0,1.9,1.8,3.7,0.079,-0.2,-0.8,-1.0,0.6,"$1,663,861","$15,560,000",,,,,,,,,,,,,,,,,,,,,,1.663861,15.56,1.7137737809602345,15.56
Cameron_Payne_2020,,2020.0,Cameron Payne,G,UFA,PHO,"8.4 Pts, 2.4 Reb, 3.6 Ast",PHO,/players/p/payneca01.html,183.0,6-1,26.0,PHO,60.0,1.0,18.0,0.484,1.2,0.44,2.8,0.8,0.893,0.9,0.3,2.4,3.6,0.6,0.3,1.0,8.4,19.8,0.602,17.4,2.4,1.2,3.6,0.158,2.1,1.0,3.1,1.4,"$1,977,011","$6,500,000",,,,,,,,,,,,,,,,,,,,,,1.977011,6.5,2.036317707110134,6.5
Devonte_Graham_2020,,2020.0,Devonte' Graham,G,RFA,CHO,"14.8 Pts, 2.7 Reb, 5.4 Ast",NOP,/players/g/grahade01.html,195.0,6-1,25.0,CHO,55.0,44.0,30.2,0.377,3.3,0.375,8.7,2.4,0.842,2.9,0.4,2.7,5.4,0.9,0.1,1.5,14.8,21.4,0.552,14.6,2.5,0.9,3.4,0.099,1.8,-1.1,0.7,1.1,"$1,663,861","$11,000,000",,,,,,,,,,,,,,,,,,,,,,1.663861,11.0,1.7137737809602345,11.0
Kevon_Looney_2020,,2020.0,Kevon Looney,F-C,UFA,GSW,"4.1 Pts, 5.3 Reb, 2.0 Ast",,/players/l/looneke01.html,222.0,6-9,24.0,GSW,61.0,34,19.0,0.548,0.1,0.235,0.3,0.5,0.646,0.8,1.9,5.3,2.0,0.3,0.4,0.6,4.1,9.4,0.575,11.9,2.0,1.4,3.4,0.139,-1.8,1.0,-0.9,0.3,"$4,821,429","$5,178,572",,,,,,,,,,,,,,,,,,,,,,4.821429,5.178572,4.966063034689389,5.178572
Mitchell_Robinson_2020,,2020.0,Mitchell Robinson,C,RFA,NYK,"8.3 Pts, 8.1 Reb, 0.5 Ast",,/players/r/robinmi01.html,240.0,7-0,22.0,NYK,31.0,29,27.5,0.653,0.0,,0.0,0.8,0.491,1.7,3.6,8.1,0.5,1.1,1.5,0.8,8.3,11.8,0.642,17.7,1.8,1.7,3.4,0.192,-0.3,1.5,1.2,0.7,"$1,663,861","$1,802,057",,,,,,,,,,,,,,,,,,,,,,1.663861,1.802057,1.7137737809602345,1.8020570000000002
Alec_Burks_2020,,2020.0,Alec Burks,G,UFA,NYK,"12.7 Pts, 4.6 Reb, 2.2 Ast",NYK,/players/b/burksal01.html,214.0,6-6,29.0,NYK,49.0,5.0,25.6,0.42,2.1,0.415,5.0,2.1,0.856,2.4,0.4,4.6,2.2,0.6,0.3,1.0,12.7,21.3,0.564,14.8,1.5,1.8,3.3,0.126,0.9,0.6,1.5,1.1,"$6,000,000","$9,536,000",,,,,,,,,,,,,,,,,,,,,,6.0,9.536,6.179989004947774,9.536
Kemba_Walker_2020,,2020.0,Kemba Walker,G,UFA,OKC,"19.3 Pts, 4.0 Reb, 4.9 Ast",NYK,/players/w/walkeke02.html,184.0,6-0,30.0,BOS,43.0,43.0,31.8,0.42,3.0,0.36,8.2,3.1,0.899,3.5,0.4,4.0,4.9,1.1,0.3,2.0,19.3,26.1,0.559,17.7,2.1,1.1,3.3,0.115,2.8,-0.7,2.1,1.4,"$34,379,100","$8,729,020",,,,,,,,,,,,,,,,,,,,,,34.3791,8.72902,35.41041,8.72902
Cody_Zeller_2020,,2020.0,Cody Zeller,C-F,UFA,CHO,"9.4 Pts, 6.8 Reb, 1.8 Ast",POR,/players/z/zelleco01.html,240.0,6-11,28.0,CHO,48.0,21.0,20.9,0.559,0.1,0.143,0.6,1.8,0.714,2.5,2.5,6.8,1.8,0.6,0.4,1.1,9.4,18.3,0.599,18.2,2.1,1.1,3.3,0.156,-0.2,-0.2,-0.5,0.4,"$15,415,730","$2,389,641",,,,,,,,,,,,,,,,,,,,,,15.41573,2.389641,15.87817365054059,2.389641
Lonzo_Ball_2020,,2020.0,Lonzo Ball,G,RFA,NOP,"14.6 Pts, 4.8 Reb, 5.7 Ast",CHI,/players/b/balllo01.html,190.0,6-6,23.0,NOP,55.0,55.0,31.8,0.414,3.1,0.378,8.3,0.9,0.781,1.2,0.6,4.8,5.7,1.5,0.6,2.2,14.6,20.5,0.551,15.2,1.5,1.7,3.2,0.089,1.4,0.3,1.7,1.6,"$11,003,782","$18,604,651",,,,,,,,,,,,,,,,,,,,,,11.003782,18.604651,11.333875295473701,18.604651
Paul_Millsap_2020,,2020.0,Paul Millsap,F,UFA,DEN,"9.0 Pts, 4.7 Reb, 1.8 Ast",BRK,/players/m/millspa01.html,257.0,6-7,35.0,DEN,56.0,36.0,20.8,0.476,0.9,0.343,2.6,1.3,0.724,1.8,1.4,4.7,1.8,0.9,0.6,0.9,9.0,18.6,0.565,16.4,1.7,1.6,3.2,0.133,0.3,0.7,1.0,0.9,"$10,000,000","$2,641,691",,,,,,,,,,,,,,,,,,,,,,10.0,2.641691,10.299981674912956,2.641691
Derrick_Rose_2020,,2020.0,Derrick Rose,G,UFA,NYK,"14.7 Pts, 2.6 Reb, 4.2 Ast",NYK,/players/r/rosede01.html,200.0,6-2,32.0,TOT,50.0,3,25.6,.470,1.0,.388,2.6,2.2,.866,2.5,0.4,2.6,4.2,1.0,0.4,1.6,14.7,25.8,0.55,18.3,1.6,1.6,3.1,0.118,1.6,0.3,1.9,1.3,"$7,682,926","$13,445,120",,,,,,,,,,,,,,,,,,,,,,7.682926,13.44512,7.91339970097123,13.44512
Jarred_Vanderbilt_2020,,2020.0,Jarred Vanderbilt,F,RFA,MIN,"5.4 Pts, 5.8 Reb, 1.2 Ast",MIN,/players/v/vandeja01.html,214.0,6-9,21.0,MIN,64.0,30.0,17.8,0.606,0.0,0.2,0.1,0.9,0.559,1.6,1.8,5.8,1.2,1.0,0.7,0.8,5.4,12.3,0.612,16.2,1.6,1.5,3.1,0.132,-1.4,1.4,-0.1,0.5,"$1,663,861","$4,259,259",,,,,,,,,,,,,,,,,,,,,,1.663861,4.259259,1.7137737809602345,4.259259
Serge_Ibaka_2020,,2020.0,Serge Ibaka,F-C,UFA,LAC,"11.1 Pts, 6.7 Reb, 1.8 Ast",,/players/i/ibakase01.html,235.0,6-10,31.0,LAC,41.0,39,23.3,.510,1.0,.339,2.8,1.0,.811,1.3,1.8,6.7,1.8,0.2,1.1,1.1,11.1,20.1,0.585,18.2,1.7,1.3,3.0,0.15,1.2,0.2,1.4,0.8,"$9,258,000","$9,742,000",,,,,,,,,,,,,,,,,,,,,,9.258,9.742,9.535723034634414,9.742
Lauri_Markkanen_2020,,2020.0,Lauri Markkanen,F-C,RFA,CHI,"13.6 Pts, 5.3 Reb, 0.9 Ast",CLE,/players/m/markkla01.html,240.0,7-0,23.0,CHI,51.0,26.0,25.8,0.48,2.3,0.402,5.8,1.5,0.826,1.8,0.7,5.3,0.9,0.5,0.3,1.0,13.6,20.2,0.619,15.2,1.7,1.3,3.0,0.109,1.0,-0.9,0.1,0.7,"$6,731,508","$15,690,909",,,,,,,,,,,,,,,,,,,,,,6.731508,15.690909,6.933440904452996,15.690909
Willy_Hernangomez_2020,,2020.0,Willy Hernangómez,C,UFA,NOP,"7.8 Pts, 7.1 Reb, 1.1 Ast",NOP,/players/h/hernawi01.html,250.0,6-11,26.0,NOP,47.0,12.0,18.0,0.563,0.0,0.1,0.2,1.3,0.667,2.0,2.5,7.1,1.1,0.5,0.5,0.7,7.8,17.0,0.591,19.6,1.9,1.0,2.9,0.163,1.0,-1.0,0.0,0.4,"$1,737,145","$2,327,220",,,,,,,,,,,,,,,,,,,,,,1.737145,2.32722,1.7892561666666666,2.3272200000000005
Kendrick_Nunn_2020,,2020.0,Kendrick Nunn,G,UFA,MIA,"14.6 Pts, 3.2 Reb, 2.6 Ast",LAL,/players/n/nunnke01.html,190.0,6-2,25.0,MIA,56.0,44,29.5,.485,2.2,.381,5.7,1.0,.933,1.1,0.4,3.2,2.6,0.9,0.3,1.4,14.6,20.9,0.596,14.2,1.4,1.5,2.9,0.084,-0.1,-0.4,-0.5,0.6,"$1,663,861","$5,000,000",,,,,,,,,,,,,,,,,,,,,,1.663861,5.0,1.7137737809602345,5.0
Evan_Fournier_2020,,2020.0,Evan Fournier,G-F,UFA,BOS,"17.1 Pts, 3.0 Reb, 3.4 Ast",NYK,/players/f/fournev01.html,205.0,6-7,28.0,TOT,42.0,36.0,30.0,0.457,2.8,0.413,6.7,2.6,0.788,3.3,0.2,3.0,3.4,1.1,0.5,1.7,17.1,23.1,0.598,16.7,1.8,1.0,2.8,0.107,1.5,-0.4,1.1,1.0,"$17,450,000","$18,139,535",,,,,,,,,,,,,,,,,,,,,,17.45,18.139535,17.973468022723107,18.139535
Raul_Neto_2020,,2020.0,Raul Neto,G,UFA,WAS,"8.7 Pts, 2.4 Reb, 2.3 Ast",WAS,/players/n/netora01.html,180.0,6-1,28.0,WAS,64.0,22.0,21.9,0.468,1.0,0.39,2.6,1.2,0.882,1.3,0.4,2.4,2.3,1.1,0.1,0.8,8.7,15.8,0.575,13.0,1.5,1.3,2.8,0.097,-1.4,0.9,-0.6,0.5,"$1,882,867","$2,089,448",,,,,,,,,,,,,,,,,,,,,,1.882867,2.089448,1.9393495596298334,2.089448
Tony_Bradley_2020,,2020.0,Tony Bradley,F-C,RFA,OKC,"7.1 Pts, 5.7 Reb, 0.9 Ast",CHI,/players/b/bradlto01.html,248.0,6-10,23.0,TOT,42.0,8.0,16.3,0.665,0.0,0.0,0.1,0.9,0.691,1.3,2.0,5.7,0.9,0.4,0.7,0.8,7.1,15.8,0.678,20.7,1.8,1.0,2.7,0.192,1.2,0.1,1.3,0.6,"$3,542,060","$1,789,256",,,,,,,,,,,,,,,,,,,,,,3.54206,1.789256,3.6483153091442184,1.789256
Josh_Hart_2020,,2020.0,Josh Hart,G,RFA,NOP,"9.2 Pts, 8.0 Reb, 2.3 Ast",NOP,/players/h/hartjo01.html,215.0,6-5,25.0,NOP,47.0,4.0,28.7,0.439,1.3,0.326,4.1,1.5,0.775,1.9,1.1,8.0,2.3,0.8,0.3,1.0,9.2,13.5,0.566,12.2,1.4,1.3,2.7,0.097,-1.1,0.3,-0.8,0.4,"$3,491,159","$12,000,000",,,,,,,,,,,,,,,,,,,,,,3.491159,12.0,3.5958873724207443,12.0
Alex_Len_2020,,2020.0,Alex Len,C,UFA,WAS,"6.6 Pts, 4.1 Reb, 0.8 Ast",SAC,/players/l/lenal01.html,250.0,7-0,27.0,TOT,64.0,42.0,15.3,0.615,0.1,0.32,0.4,1.1,0.629,1.8,1.2,4.1,0.8,0.3,1.0,0.9,6.6,16.3,0.643,16.4,1.5,1.3,2.7,0.133,-1.2,1.0,-0.1,0.5,"$2,258,000$1,697,755","$3,731,707",,,,,,,,,,,,,,,,,,,,,,3.955755,3.731707,4.07442040104453,3.731707
Carmelo_Anthony_2020,,2020.0,Carmelo Anthony,F,UFA,POR,"13.4 Pts, 3.1 Reb, 1.5 Ast",LAL,/players/a/anthoca01.html,238.0,6-7,36.0,POR,69.0,3.0,24.5,0.421,1.9,0.409,4.7,2.0,0.89,2.2,0.5,3.1,1.5,0.7,0.6,0.9,13.4,23.1,0.547,14.6,1.7,0.8,2.6,0.073,0.2,-1.3,-1.1,0.4,"$2,564,753","$2,641,691",,,,,,,,,,,,,,,,,,,,,,2.564753,2.641691,2.6416908900678027,2.641691
JaMychal_Green_2020,,2020.0,JaMychal Green,F,UFA,DEN,"8.1 Pts, 4.8 Reb, 0.9 Ast",DEN,/players/g/greenja01.html,227.0,6-8,30.0,DEN,58.0,5.0,19.3,0.463,1.4,0.399,3.4,0.8,0.807,1.0,1.5,4.8,0.9,0.4,0.4,0.9,8.1,17.6,0.59,13.6,1.4,1.2,2.6,0.11,-0.5,-1.0,-1.5,0.1,"$7,199,760","$8,200,000",,,,,,,,,,,,,,,,,,,,,,7.19976,8.2,7.415739606377131,8.2
Georges_Niang_2020,,2020.0,Georges Niang,F,UFA,UTA,"6.9 Pts, 2.4 Reb, 0.8 Ast",PHI,/players/n/niangge01.html,230.0,6-7,27.0,UTA,72.0,10.0,16.0,0.437,1.7,0.425,4.1,0.3,0.957,0.3,0.4,2.4,0.8,0.3,0.1,0.7,6.9,17.4,0.602,11.4,1.2,1.4,2.6,0.108,-0.4,0.1,-0.3,0.5,"$1,783,557","$3,300,000",,,,,,,,,,,,,,,,,,,,,,1.783557,3.3,1.8370604416162726,3.2999999999999994
Alex_Caruso_2020,,2020.0,Alex Caruso,G,UFA,LAL,"6.4 Pts, 2.9 Reb, 2.8 Ast",CHI,/players/c/carusal01.html,186.0,6-4,26.0,LAL,58.0,6.0,21.0,0.436,0.9,0.401,2.4,0.8,0.645,1.3,0.5,2.9,2.8,1.1,0.3,1.3,6.4,14.8,0.547,11.1,0.3,2.1,2.4,0.095,-2.5,2.5,0.0,0.6,"$2,750,000","$8,604,651",,,,,,,,,,,,,,,,,,,,,,2.75,8.604651,2.832494960601063,8.604651
Derrick_Jones_Jr_2020,,2020.0,Derrick Jones Jr.,F,UFA,POR,"6.8 Pts, 3.5 Reb, 0.8 Ast",,/players/j/jonesde02.html,210.0,6-5,23.0,POR,58.0,43.0,22.7,0.484,0.7,0.316,2.3,1.0,0.648,1.6,1.3,3.5,0.8,0.6,0.9,0.6,6.8,12.3,0.576,11.9,1.6,0.8,2.4,0.089,-1.4,0.0,-1.4,0.2,"$9,258,000","$9,720,900",,,,,,,,,,,,,,,,,,,,,,9.258,9.7209,9.535723034634414,9.720899999999999
Josh_Richardson_2020,,2020.0,Josh Richardson,G,UFA,DAL,"12.1 Pts, 3.3 Reb, 2.6 Ast",BOS,/players/r/richajo01.html,200.0,6-5,27.0,DAL,59.0,56.0,30.3,0.427,1.5,0.33,4.5,1.7,0.917,1.8,0.9,3.3,2.6,1.0,0.4,1.3,12.1,18.4,0.537,11.9,1.0,1.4,2.4,0.066,-1.5,-0.2,-1.7,0.1,"$10,865,952","$11,615,328",,,,,,,,,,,,,,,,,,,,,,10.865952,11.615328,11.19191064804838,11.615328
Bismack_Biyombo_2020,,2020.0,Bismack Biyombo,C-F,UFA,CHO,"5.0 Pts, 5.3 Reb, 1.2 Ast",PHO,/players/b/biyombi01.html,255.0,6-8,28.0,CHO,66.0,36.0,20.4,0.587,0.0,0.0,0.0,0.7,0.448,1.6,2.1,5.3,1.2,0.3,1.1,1.1,5.0,11.5,0.574,11.7,0.9,1.4,2.3,0.081,-3.4,0.4,-3.0,-0.4,"$3,500,000","$1,366,392",,,,,,,,,,,,,,,,,,,,,,3.5,1.366392,3.6049935862195346,1.366392
Garrison_Mathews_2020,,2020.0,Garrison Mathews,G,UFA,WAS,"5.5 Pts, 1.4 Reb, 0.4 Ast",BOS,/players/m/mathega01.html,215.0,6-5,24.0,WAS,64.0,24.0,16.2,0.409,1.2,0.384,3.1,1.3,0.884,1.5,0.3,1.4,0.4,0.5,0.1,0.2,5.5,11.5,0.635,9.7,1.7,0.6,2.3,0.108,-1.7,-0.1,-1.8,0.1,< $Minimum,"$1,093,598",,,,,,,,,,,,,,,,,,,,,,0.0,1.093598,0.0,1.093598
Will_Barton_2020,,2020.0,Will Barton,G,UFA,DEN,"12.7 Pts, 4.0 Reb, 3.2 Ast",DEN,/players/b/bartowi01.html,181.0,6-6,30.0,DEN,56.0,52.0,31.0,0.426,1.8,0.381,4.6,1.7,0.785,2.2,0.7,4.0,3.2,0.9,0.4,1.7,12.7,19.0,0.538,11.8,0.7,1.5,2.2,0.061,-1.0,-0.8,-1.9,0.1,"$13,723,214","$15,384,615",,,,,,,,,,,,,,,,,,,,,,13.723214,15.384615,14.134885272090893,15.384615
Torrey_Craig_2020,,2020.0,Torrey Craig,G-F,UFA,PHO,"5.5 Pts, 3.9 Reb, 1.0 Ast",IND,/players/c/craigto01.html,221.0,6-7,30.0,TOT,50.0,8.0,16.1,0.48,0.8,0.368,2.1,0.3,0.773,0.4,1.1,3.9,1.0,0.6,0.5,0.5,5.5,14.3,0.579,14.2,1.1,1.1,2.2,0.133,-0.3,0.7,0.4,0.5,"$1,678,854","$4,878,049",,,,,,,,,,,,,,,,,,,,,,1.678854,4.878049,1.7292165434854316,4.878049
Patty_Mills_2020,,2020.0,Patty Mills,G,UFA,SAS,"10.8 Pts, 1.7 Reb, 2.4 Ast",BRK,/players/m/millspa02.html,180.0,6-1,32.0,SAS,68.0,1.0,24.8,0.412,2.4,0.375,6.3,1.0,0.91,1.1,0.3,1.7,2.4,0.6,0.0,1.0,10.8,18.4,0.57,11.8,1.3,0.8,2.2,0.062,0.0,-1.2,-1.2,0.4,"$13,535,714","$5,890,000",,,,,,,,,,,,,,,,,,,,,,13.535714,5.89,13.941760615686276,5.890000000000001
Kelly_Oubre_Jr_2020,,2020.0,Kelly Oubre Jr.,F,UFA,GSW,"15.4 Pts, 6.0 Reb, 1.3 Ast",CHO,/players/o/oubreke01.html,203.0,6-7,25.0,GSW,55.0,50.0,30.7,0.439,1.6,0.316,5.2,2.2,0.695,3.2,1.5,6.0,1.3,1.0,0.8,1.3,15.4,22.1,0.529,13.3,0.0,2.2,2.2,0.062,-1.4,-0.5,-1.9,0.0,"$14,375,000","$12,000,000",,,,,,,,,,,,,,,,,,,,,,14.375,12.0,14.806223657687374,12.0
Gorgui_Dieng_2020,,2020.0,Gorgui Dieng,C,UFA,SAS,"6.8 Pts, 3.7 Reb, 1.3 Ast",ATL,/players/d/dienggo01.html,252.0,6-10,31.0,TOT,38.0,1.0,14.5,0.521,0.8,0.429,1.8,1.5,0.866,1.8,1.1,3.7,1.3,0.7,0.4,0.8,6.8,17.4,0.67,19.2,1.3,0.8,2.1,0.185,1.8,1.5,3.4,0.7,"$16,587,688$1,000,000","$4,000,000",,,,,,,,,,,,,,,,,,,,,,17.587688,4.0,18.11528641040865,4.0
Talen_Horton-Tucker_2020,,2020.0,Talen Horton-Tucker,G-F,RFA,LAL,"9.0 Pts, 2.6 Reb, 2.8 Ast",LAL,/players/h/hortota01.html,234.0,6-4,20.0,LAL,65.0,4,20.1,0.458,0.6,0.282,2.0,1.5,0.775,2.0,0.4,2.6,2.8,1.0,0.3,1.6,9.0,21.7,0.536,12.9,-0.1,2.2,2.1,0.078,-2.6,1.5,-1.2,0.3,"$1,517,981","$9,500,000",,,,,,,,,,,,,,,,,,,,,,1.517981,9.5,1.5635176482866044,9.5
Andre_Drummond_2020,,2020.0,Andre Drummond,C,UFA,LAL,"14.9 Pts, 12.0 Reb, 2.0 Ast",PHI,/players/d/drumman01.html,279.0,6-10,27.0,TOT,46.0,46.0,27.0,0.493,0.0,0.0,0.2,2.7,0.6,4.5,3.6,12.0,2.0,1.4,1.1,2.7,14.9,27.6,0.519,19.4,-0.6,2.5,2.0,0.077,-1.7,0.5,-1.2,0.3,"$27,957,238$794,536","$2,401,537",,,,,,,,,,,,,,,,,,,,,,28.751774,2.401537,29.61427453212388,2.401537
Blake_Griffin_2020,,2020.0,Blake Griffin,F,UFA,BRK,"11.0 Pts, 4.9 Reb, 3.0 Ast",BRK,/players/g/griffbl01.html,250.0,6-9,31.0,TOT,46.0,30,25.8,.423,1.5,.341,4.5,1.9,.744,2.5,0.8,4.9,3.0,0.7,0.3,1.3,11.0,19.3,0.546,12.9,0.9,1.1,2.0,0.081,-0.8,0.0,-0.8,0.3,"$32,670,565$1,229,676","$2,641,691",,,,,,,,,,,,,,,,,,,,,,33.900241,2.641691,34.91718610751329,2.641691
Frank_Kaminsky_2020,,2020.0,Frank Kaminsky,F-C,UFA,PHO,"6.6 Pts, 4.0 Reb, 1.7 Ast",PHO,/players/k/kaminfr01.html,240.0,7-0,27.0,PHO,47.0,13.0,15.2,0.471,0.7,0.365,1.8,0.8,0.617,1.3,0.8,4.0,1.7,0.3,0.4,0.5,6.6,19.0,0.547,15.8,1.1,0.9,2.0,0.133,0.4,0.8,1.3,0.6,"$1,882,867","$2,089,448",,,,,,,,,,,,,,,,,,,,,,1.882867,2.089448,1.9393495596298334,2.089448
Furkan_Korkmaz_2020,,2020.0,Furkan Korkmaz,G,UFA,PHI,"9.1 Pts, 2.1 Reb, 1.5 Ast",PHI,/players/k/korkmfu01.html,202.0,6-7,23.0,PHI,55.0,11,19.3,0.401,1.8,0.375,4.9,1.1,0.732,1.5,0.3,2.1,1.5,0.9,0.2,0.8,9.1,20.5,0.544,12.8,0.6,1.5,2.0,0.092,-0.3,0.2,-0.1,0.5,"$1,762,796","$4,629,630",,,,,,,,,,,,,,,,,,,,,,1.762796,4.62963,1.815676649660986,4.629630000000001
Tony_Snell_2020,,2020.0,Tony Snell,G-F,UFA,ATL,"5.3 Pts, 2.4 Reb, 1.3 Ast",POR,/players/s/snellto01.html,213.0,6-6,29.0,ATL,47.0,23.0,21.1,0.515,1.3,0.569,2.3,0.2,1.0,0.2,0.4,2.4,1.3,0.3,0.2,0.4,5.3,8.6,0.708,9.5,1.6,0.5,2.0,0.099,-0.4,-0.1,-0.5,0.4,"$12,178,571","$2,389,641",,,,,,,,,,,,,,,,,,,,,,12.178571,2.389641,12.543905812662635,2.389641
Wayne_Ellington_2020,,2020.0,Wayne Ellington,G,UFA,DET,"9.6 Pts, 1.8 Reb, 1.5 Ast",LAL,/players/e/ellinwa01.html,207.0,6-4,33.0,DET,46.0,31.0,22.0,0.441,2.5,0.422,6.0,0.6,0.8,0.8,0.3,1.8,1.5,0.4,0.2,0.7,9.6,16.7,0.625,12.2,1.3,0.5,1.9,0.088,1.1,-1.3,-0.2,0.5,"$2,564,753$1,000,000","$2,641,691",,,,,,,,,,,,,,,,,,,,,,3.564753,2.641691,3.671689057559098,2.641691
Kent_Bazemore_2020,,2020.0,Kent Bazemore,G-F,UFA,GSW,"7.2 Pts, 3.4 Reb, 1.6 Ast",LAL,/players/b/bazemke01.html,195.0,6-4,31.0,GSW,67.0,18.0,19.9,0.449,1.1,0.408,2.7,0.8,0.692,1.2,0.4,3.4,1.6,1.0,0.5,1.2,7.2,16.3,0.564,10.6,-0.2,2.1,1.8,0.065,-2.9,1.7,-1.2,0.2,"$2,320,044","$2,401,537",,,,,,,,,,,,,,,,,,,,,,2.320044,2.401537,2.3896410684991753,2.401537
Sterling_Brown_2020,,2020.0,Sterling Brown,G,UFA,HOU,"8.2 Pts, 4.4 Reb, 1.4 Ast",DAL,/players/b/brownst02.html,219.0,6-5,25.0,HOU,51.0,14.0,24.1,0.448,1.8,0.423,4.2,0.5,0.806,0.6,0.7,4.4,1.4,0.7,0.2,0.8,8.2,13.5,0.597,11.1,1.0,0.8,1.8,0.071,-1.6,0.0,-1.6,0.1,"$1,678,854","$3,000,000",,,,,,,,,,,,,,,,,,,,,,1.678854,3.0,1.7292165434854316,3.0
Rudy_Gay_2020,,2020.0,Rudy Gay,F,UFA,SAS,"11.4 Pts, 4.8 Reb, 1.4 Ast",UTA,/players/g/gayru01.html,250.0,6-8,34.0,SAS,63.0,1.0,21.6,0.42,1.7,0.381,4.4,1.3,0.804,1.6,0.7,4.8,1.4,0.7,0.6,1.0,11.4,23.6,0.532,14.7,0.0,1.7,1.7,0.059,-0.1,0.0,-0.1,0.6,"$14,500,000","$5,890,000",,,,,,,,,,,,,,,,,,,,,,14.5,5.89,14.934973428623785,5.890000000000001
Andre_Iguodala_2020,,2020.0,Andre Iguodala,G-F,UFA,MIA,"4.4 Pts, 3.5 Reb, 2.3 Ast",GSW,/players/i/iguodan01.html,215.0,6-6,37.0,MIA,63.0,5.0,21.3,0.383,1.0,0.33,2.9,0.4,0.658,0.6,0.6,3.5,2.3,0.9,0.6,1.1,4.4,11.2,0.519,9.2,-0.1,1.8,1.7,0.062,-2.2,1.8,-0.4,0.5,"$15,000,000","$2,641,691",,,,,,,,,,,,,,,,,,,,,,15.0,2.641691,15.449972512369435,2.641691
Wesley_Matthews_2020,,2020.0,Wesley Matthews,G,UFA,LAL,"4.8 Pts, 1.6 Reb, 0.9 Ast",MIL,/players/m/matthwe02.html,220.0,6-4,34.0,LAL,58.0,10.0,19.5,0.353,1.1,0.335,3.4,0.6,0.854,0.7,0.3,1.6,0.9,0.7,0.3,0.4,4.8,11.4,0.517,7.2,0.2,1.5,1.7,0.073,-3.1,1.4,-1.7,0.1,"$3,623,000","$1,958,501",,,,,,,,,,,,,,,,,,,,,,3.623,1.958501,3.731683360820964,1.958501
Gary_Trent_Jr_2020,,2020.0,Gary Trent Jr.,G,RFA,TOR,"15.3 Pts, 2.6 Reb, 1.4 Ast",TOR,/players/t/trentga02.html,209.0,6-5,22.0,TOT,58.0,38.0,31.1,0.408,2.8,0.385,7.4,1.4,0.783,1.8,0.5,2.6,1.4,1.0,0.2,0.7,15.3,20.9,0.534,12.1,1.0,0.7,1.7,0.045,-0.5,-1.7,-2.3,-0.1,"$1,663,861","$16,000,000",,,,,,,,,,,,,,,,,,,,,,1.663861,16.0,1.7137737809602345,16.0
Lou_Williams_2020,,2020.0,Lou Williams,G,UFA,ATL,"11.3 Pts, 2.1 Reb, 3.4 Ast",,/players/w/willilo02.html,175.0,6-1,34.0,TOT,66.0,4.0,21.6,0.41,1.0,0.399,2.6,2.3,0.867,2.6,0.3,2.1,3.4,0.7,0.1,1.6,11.3,25.7,0.519,14.0,0.5,1.2,1.7,0.056,-1.0,-1.5,-2.5,-0.2,"$8,000,000","$5,000,000",,,,,,,,,,,,,,,,,,,,,,8.0,5.0,8.239985339930366,5.0
Trevor_Ariza_2020,,2020.0,Trevor Ariza,F,UFA,MIA,"9.4 Pts, 4.8 Reb, 1.8 Ast",LAL,/players/a/arizatr01.html,215.0,6-8,35.0,MIA,30.0,27.0,28.0,0.411,1.7,0.35,4.8,1.1,0.773,1.5,0.9,4.8,1.8,1.0,0.6,0.7,9.4,15.1,0.542,11.9,0.5,1.0,1.6,0.091,-1.2,0.1,-1.1,0.2,"$12,800,000","$2,641,691",,,,,,,,,,,,,,,,,,,,,,12.8,2.641691,13.183976543888583,2.641691
Hamidou_Diallo_2020,,2020.0,Hamidou Diallo,G,RFA,DET,"11.6 Pts, 5.2 Reb, 1.9 Ast",,/players/d/diallha01.html,202.0,6-5,22.0,TOT,52.0,9.0,23.6,0.477,0.5,0.341,1.6,2.5,0.64,3.8,1.1,5.2,1.9,0.8,0.5,1.5,11.6,22.2,0.541,14.3,0.3,1.3,1.6,0.063,-2.2,0.1,-2.1,0.0,"$1,663,861","$5,200,000",,,,,,,,,,,,,,,,,,,,,,1.663861,5.2,1.7137737809602345,5.2
Isaiah_Hartenstein_2020,,2020.0,Isaiah Hartenstein,F,RFA,CLE,"5.1 Pts, 3.9 Reb, 1.2 Ast",LAC,/players/h/harteis01.html,250.0,7-0,22.0,TOT,46.0,2.0,12.2,0.55,0.0,0.333,0.1,1.0,0.648,1.5,1.4,3.9,1.2,0.4,0.8,1.0,5.1,19.2,0.583,17.9,0.7,0.9,1.6,0.134,-2.4,1.5,-0.9,0.2,"$1,620,564","$1,729,217",,,,,,,,,,,,,,,,,,,,,,1.620564,1.729217,1.6691779503023638,1.729217
Markieff_Morris_2020,,2020.0,Markieff Morris,F,UFA,LAL,"6.7 Pts, 4.4 Reb, 1.2 Ast",MIA,/players/m/morrima02.html,245.0,6-9,31.0,LAL,61.0,27.0,19.7,0.405,1.1,0.311,3.4,0.6,0.72,0.8,0.8,4.4,1.2,0.4,0.3,0.9,6.7,16.4,0.509,9.3,-0.2,1.8,1.6,0.062,-2.9,0.3,-2.6,-0.2,"$2,331,593","$2,641,691",,,,,,,,,,,,,,,,,,,,,,2.331593,2.641691,2.4015365173355323,2.641691
Garrett_Temple_2020,,2020.0,Garrett Temple,G,UFA,CHI,"7.6 Pts, 2.9 Reb, 2.2 Ast",NOP,/players/t/templga01.html,195.0,6-5,34.0,CHI,56.0,25,27.3,.415,1.2,.335,3.6,0.7,.800,0.9,0.5,2.9,2.2,0.8,0.5,1.0,7.6,13.1,0.525,8.2,0.2,1.4,1.6,0.05,-3.3,0.3,-3.1,-0.4,"$4,767,000","$4,910,000",,,,,,,,,,,,,,,,,,,,,,4.767,4.91,4.910001264431006,4.91
Saben_Lee_2020,,2020.0,Saben Lee,G,RFA,DET,"5.6 Pts, 2.0 Reb, 3.6 Ast",DET,/players/l/leesa01.html,183.0,6-2,21.0,DET,48.0,7,16.3,0.471,0.2,0.348,0.5,1.3,0.685,1.9,0.4,2.0,3.6,0.7,0.3,1.1,5.6,17.0,0.536,13.8,0.7,0.8,1.5,0.091,-2.1,0.2,-2.0,0.0,< $Minimum,"$1,489,065",,,,,,,,,,,,,,,,,,,,,,0.0,1.489065,0.0,1.489065
George_Hill_2020,,2020.0,George Hill,G,UFA,PHI,"8.7 Pts, 2.0 Reb, 2.4 Ast",MIL,/players/h/hillge01.html,188.0,6-4,34.0,TOT,30.0,17.0,22.4,0.482,1.0,0.388,2.7,1.3,0.8,1.7,0.5,2.0,2.4,0.8,0.2,1.0,8.7,15.9,0.596,13.1,0.9,0.6,1.4,0.1,-1.0,-0.2,-1.2,0.1,"$9,590,602","$4,000,000",,,,,,,,,,,,,,,,,,,,,,9.590602,4.0,9.878302485138356,4.0
Goran_Dragic_2020,,2020.0,Goran Dragić,G,UFA,MIA,"13.4 Pts, 3.4 Reb, 4.4 Ast",MIA,/players/d/dragigo01.html,190.0,6-3,34.0,MIA,50.0,11.0,26.7,0.432,1.8,0.373,4.9,2.0,0.828,2.4,0.5,3.4,4.4,0.7,0.2,2.4,13.4,24.5,0.552,13.0,0.2,1.2,1.3,0.048,-1.1,-1.3,-2.3,-0.1,"$18,000,000","$728,742",,,,,,,,,,,,,,,,,,,,,,18.0,0.728742,18.53996701484332,0.7287420000000001
Solomon_Hill_2020,,2020.0,Solomon Hill,F,UFA,ATL,"4.5 Pts, 3.0 Reb, 1.1 Ast",ATL,/players/h/hillso01.html,226.0,6-6,29.0,ATL,71.0,16.0,21.3,0.359,1.0,0.321,3.0,0.5,0.761,0.6,0.6,3.0,1.1,0.7,0.2,0.6,4.5,10.4,0.498,6.7,0.1,1.2,1.3,0.04,-3.0,0.5,-2.5,-0.2,"$2,174,318","$2,389,641",,,,,,,,,,,,,,,,,,,,,,2.174318,2.389641,2.2395435555433387,2.389641
Mike_Muscala_2020,,2020.0,Mike Muscala,F-C,UFA,OKC,"9.7 Pts, 3.8 Reb, 0.8 Ast",OKC,/players/m/muscami01.html,240.0,6-10,29.0,OKC,35.0,0.0,18.4,0.446,1.9,0.37,5.3,0.9,0.917,1.0,0.5,3.8,0.8,0.2,0.3,0.6,9.7,20.0,0.599,14.7,0.9,0.4,1.3,0.096,0.9,-1.0,-0.1,0.3,"$2,283,034","$3,500,000",,,,,,,,,,,,,,,,,,,,,,2.283034,3.5,2.351520836320322,3.5
David_Nwaba_2020,,2020.0,David Nwaba,G,UFA,HOU,"9.2 Pts, 3.9 Reb, 1.0 Ast",HOU,/players/n/nwabada01.html,219.0,6-5,28.0,HOU,30.0,9.0,22.6,0.486,0.6,0.27,2.1,1.6,0.691,2.3,1.3,3.9,1.0,1.0,0.7,0.6,9.2,16.6,0.557,14.4,0.7,0.6,1.3,0.094,-1.4,0.6,-0.8,0.2,"$1,824,003","$4,650,000",,,,,,,,,,,,,,,,,,,,,,1.824003,4.65,1.8787197474986257,4.65
Otto_Porter_Jr_2020,,2020.0,Otto Porter Jr.,F,UFA,ORL,"9.7 Pts, 5.4 Reb, 2.0 Ast",GSW,/players/p/porteot01.html,198.0,6-8,27.0,TOT,28.0,6.0,21.6,0.432,1.4,0.375,3.7,1.3,0.857,1.5,1.0,5.4,2.0,0.6,0.1,0.9,9.7,19.3,0.552,14.5,0.6,0.7,1.3,0.101,0.0,0.0,0.0,0.3,"$28,489,239","$2,389,641",,,,,,,,,,,,,,,,,,,,,,28.489239,2.389641,29.34386396322155,2.389641
Austin_Rivers_2020,,2020.0,Austin Rivers,G,UFA,DEN,"7.9 Pts, 2.3 Reb, 2.3 Ast",DEN,/players/r/riverau01.html,200.0,6-4,28.0,TOT,36.0,7.0,23.5,0.424,1.5,0.369,4.1,0.6,0.71,0.9,0.2,2.3,2.3,0.8,0.1,1.0,7.9,15.4,0.551,9.9,0.4,0.9,1.3,0.072,-2.2,0.3,-1.9,0.0,"$3,500,000$429,049","$2,401,537",,,,,,,,,,,,,,,,,,,,,,3.929049,2.401537,4.0469132699835075,2.401537
Rajon_Rondo_2020,,2020.0,Rajon Rondo,G,UFA,MEM,"5.4 Pts, 2.4 Reb, 4.4 Ast",LAL,/players/r/rondora01.html,180.0,6-1,34.0,TOT,45.0,3.0,17.1,0.442,0.8,0.404,2.0,0.4,0.941,0.4,0.4,2.4,4.4,0.8,0.1,1.8,5.4,17.2,0.544,13.2,0.5,0.8,1.3,0.081,-0.5,0.3,-0.2,0.4,"$8,250,000","$2,641,691",,,,,,,,,,,,,,,,,,,,,,8.25,2.641691,8.497484881803189,2.641691
DeAndre_Bembry_2020,,2020.0,DeAndre' Bembry,F,UFA,TOR,"5.7 Pts, 2.9 Reb, 2.1 Ast",BRK,/players/b/bembrde01.html,210.0,6-5,26.0,TOR,51.0,12.0,19.1,0.513,0.3,0.264,1.0,0.9,0.682,1.3,0.6,2.9,2.1,1.0,0.4,1.4,5.7,14.6,0.57,11.2,0.1,1.1,1.2,0.059,-3.2,1.4,-1.9,0.0,"$1,737,145","$601,867",,,,,,,,,,,,,,,,,,,,,,1.737145,0.601867,1.7892561666666666,0.601867
DeMarcus_Cousins_2020,,2020.0,DeMarcus Cousins,C-F,UFA,LAC,"8.9 Pts, 6.4 Reb, 1.9 Ast",MIL,/players/c/couside01.html,270.0,6-10,30.0,TOT,41.0,11,17.4,.426,1.1,.348,3.3,1.4,.728,2.0,1.3,6.4,1.9,0.8,0.6,1.6,8.9,24.5,0.537,16.4,0.0,1.2,1.2,0.079,-1.2,1.6,0.4,0.4,"$2,331,593$654,762","$683,196",,,,,,,,,,,,,,,,,,,,,,2.986355,0.683196,3.075940177478468,0.683196
Frank_Jackson_2020,,2020.0,Frank Jackson,G,RFA,DET,"9.8 Pts, 2.2 Reb, 0.9 Ast",DET,/players/j/jacksfr01.html,205.0,6-3,22.0,DET,40.0,6,18.5,.457,1.5,.407,3.8,1.5,.813,1.9,0.4,2.2,0.9,0.4,0.0,0.9,9.8,21.3,0.598,13.2,0.7,0.4,1.2,0.076,-0.1,-1.6,-1.7,0.1,"$250,000< $Minimum","$3,000,000",,,,,,,,,,,,,,,,,,,,,,0.25,3.0,0.2574995418728239,3.0
James_Johnson_2020,,2020.0,James Johnson,F,UFA,NOP,"7.2 Pts, 3.5 Reb, 1.9 Ast",BRK,/players/j/johnsja01.html,240.0,6-7,33.0,TOT,51.0,12.0,20.5,0.446,0.6,0.258,2.4,0.9,0.592,1.5,0.6,3.5,1.9,0.8,0.8,1.1,7.2,17.1,0.51,11.4,-0.1,1.3,1.2,0.055,-2.7,1.5,-1.2,0.2,"$16,047,100","$2,641,691",,,,,,,,,,,,,,,,,,,,,,16.0471,2.641691,16.52848359354957,2.641691
Jordan_McLaughlin_2020,,2020.0,Jordan McLaughlin,G,RFA,MIN,"5.0 Pts, 2.1 Reb, 3.8 Ast",MIN,/players/m/mclaujo01.html,185.0,5-11,24.0,MIN,51.0,2,18.4,0.413,0.6,0.359,1.8,0.5,0.767,0.6,0.4,2.1,3.8,1.0,0.1,1.0,5.0,13.7,0.502,12.0,0.6,0.6,1.2,0.062,-2.0,0.2,-1.7,0.1,< $Minimum,"$1,669,178",,,,,,,,,,,,,,,,,,,,,,0.0,1.669178,0.0,1.669178
Semi_Ojeleye_2020,,2020.0,Semi Ojeleye,F,UFA,BOS,"4.6 Pts, 2.6 Reb, 0.7 Ast",MIL,/players/o/ojelese01.html,240.0,6-6,26.0,BOS,56.0,15.0,17.0,0.403,1.0,0.367,2.8,0.4,0.75,0.6,0.6,2.6,0.7,0.3,0.0,0.4,4.6,11.6,0.553,8.3,0.7,0.6,1.2,0.063,-1.7,-0.7,-2.4,-0.1,"$1,752,950","$1,789,256",,,,,,,,,,,,,,,,,,,,,,1.75295,1.789256,1.8055352877038666,1.789256
Moritz_Wagner_2020,,2020.0,Moritz Wagner,F-C,UFA,ORL,"6.9 Pts, 3.2 Reb, 1.1 Ast",ORL,/players/w/wagnemo01.html,245.0,6-11,23.0,TOT,45.0,24.0,16.0,0.454,0.7,0.341,2.0,1.6,0.816,1.9,0.6,3.2,1.1,0.6,0.4,1.0,6.9,18.1,0.58,12.5,0.5,0.8,1.2,0.082,-2.7,0.2,-2.6,-0.1,"$2,161,920$221,995","$1,729,217",,,,,,,,,,,,,,,,,,,,,,2.383915,1.729217,2.455428081455012,1.729217
Dewayne_Dedmon_2020,,2020.0,Dewayne Dedmon,C,UFA,MIA,"7.1 Pts, 5.4 Reb, 0.8 Ast",MIA,/players/d/dedmode01.html,245.0,7-0,31.0,MIA,16.0,0.0,13.1,0.708,0.1,0.2,0.3,1.3,0.741,1.7,1.8,5.4,0.8,0.6,0.4,0.8,7.1,19.3,0.735,24.5,0.7,0.4,1.1,0.256,1.2,0.5,1.7,0.2,"$2,866,667$580,811","$2,389,641",,,,,,,,,,,,,,,,,,,,,,3.447478,2.389641,3.5508960224665564,2.389641
Javonte_Green_2020,,2020.0,Javonte Green,F,RFA,CHI,"3.6 Pts, 1.7 Reb, 0.4 Ast",CHI,/players/g/greenja02.html,205.0,6-4,27.0,TOT,41.0,2.0,11.5,0.52,0.2,0.333,0.7,0.7,0.75,1.0,0.6,1.7,0.4,0.7,0.1,0.5,3.6,12.6,0.61,12.1,0.5,0.6,1.1,0.107,-2.2,1.7,-0.5,0.2,"$1,517,981","$1,669,178",,,,,,,,,,,,,,,,,,,,,,1.517981,1.669178,1.5635176482866044,1.669178
Ish_Smith_2020,,2020.0,Ish Smith,G,UFA,WAS,"6.7 Pts, 3.4 Reb, 3.9 Ast",CHO,/players/s/smithis01.html,175.0,6-0,32.0,WAS,44.0,1.0,21.0,0.434,0.4,0.367,1.1,0.4,0.576,0.8,0.5,3.4,3.9,0.7,0.3,0.9,6.7,15.8,0.473,11.6,0.2,0.9,1.1,0.056,-2.1,0.5,-1.5,0.1,"$6,000,000","$4,500,000",,,,,,,,,,,,,,,,,,,,,,6.0,4.5,6.179989004947774,4.5
Stanley_Johnson_2020,,2020.0,Stanley Johnson,F,UFA,TOR,"4.4 Pts, 2.5 Reb, 1.5 Ast",CHI,/players/j/johnsst04.html,242.0,6-6,24.0,TOR,61.0,13.0,16.5,0.382,0.7,0.328,2.2,0.7,0.8,0.9,0.5,2.5,1.5,0.9,0.3,0.9,4.4,13.4,0.519,8.8,-0.1,1.1,1.0,0.048,-3.8,1.2,-2.5,-0.1,"$3,804,150","$888,616",,,,,,,,,,,,,,,,,,,,,,3.80415,0.888616,3.918267528862012,0.888616
Boban_Marjanovic_2020,,2020.0,Boban Marjanović,C,UFA,DAL,"4.7 Pts, 3.9 Reb, 0.3 Ast",DAL,/players/m/marjabo01.html,290.0,7-3,32.0,DAL,33.0,3.0,8.2,0.508,0.0,0.125,0.2,0.9,0.816,1.2,1.4,3.9,0.3,0.1,0.2,0.4,4.7,24.6,0.562,22.6,0.7,0.3,1.0,0.183,1.9,-2.6,-0.8,0.1,"$3,500,000","$3,500,000",,,,,,,,,,,,,,,,,,,,,,3.5,3.5,3.6049935862195346,3.5
JaVale_McGee_2020,,2020.0,JaVale McGee,C,UFA,DEN,"7.3 Pts, 5.2 Reb, 0.8 Ast",PHO,/players/m/mcgeeja01.html,270.0,7-0,33.0,TOT,46.0,2.0,14.7,0.511,0.1,0.208,0.5,1.0,0.657,1.5,1.7,5.2,0.8,0.4,1.2,1.3,7.3,23.9,0.541,17.0,-0.1,1.1,1.0,0.068,-3.3,0.8,-2.5,-0.1,"$4,200,000","$5,000,000",,,,,,,,,,,,,,,,,,,,,,4.2,5.0,4.325992303463441,5.0
Malik_Monk_2020,,2020.0,Malik Monk,G,UFA,CHO,"11.7 Pts, 2.4 Reb, 2.1 Ast",LAL,/players/m/monkma01.html,200.0,6-3,22.0,CHO,42.0,0.0,20.9,0.434,2.0,0.401,5.0,1.4,0.819,1.7,0.3,2.4,2.1,0.5,0.1,1.3,11.7,23.8,0.569,13.6,0.5,0.5,1.0,0.054,0.2,-2.0,-1.8,0.0,"$5,345,687","$1,789,256",,,,,,,,,,,,,,,,,,,,,,5.345687,1.789256,5.5060478139820415,1.789256
Elfrid_Payton_2020,,2020.0,Elfrid Payton,G,UFA,NYK,"10.1 Pts, 3.4 Reb, 3.2 Ast",PHO,/players/p/paytoel01.html,195.0,6-3,26.0,NYK,63.0,63.0,23.6,0.432,0.4,0.286,1.6,1.2,0.682,1.7,1.0,3.4,3.2,0.7,0.1,1.6,10.1,23.2,0.478,11.7,-0.9,1.9,1.0,0.032,-2.9,-0.1,-3.0,-0.4,"$5,767,000","$2,239,544",,,,,,,,,,,,,,,,,,,,,,5.767,2.239544,5.939999431922302,2.239544
PJ_Tucker_2020,,2020.0,P.J. Tucker,F,UFA,MIL,"3.7 Pts, 3.9 Reb, 1.2 Ast",MIA,/players/t/tuckepj01.html,245.0,6-5,35.0,TOT,52.0,33,26.1,.373,0.8,.336,2.3,0.4,.750,0.5,1.0,3.9,1.2,0.8,0.4,0.8,3.7,7.2,0.51,5.5,0.1,0.9,1.0,0.034,-4.6,0.5,-4.1,-0.7,"$7,969,537","$7,000,000",,,,,,,,,,,,,,,,,,,,,,7.969537,7.0,8.208608505754077,7.0
Ryan_Arcidiacono_2020,,2020.0,Ryan Arcidiacono,G,UFA,CHI,"3.1 Pts, 1.5 Reb, 1.3 Ast",BOS,/players/a/arcidry01.html,195.0,6-3,26.0,CHI,44.0,0.0,10.2,0.419,0.6,0.373,1.5,0.3,0.65,0.5,0.1,1.5,1.3,0.2,0.0,0.2,3.1,13.1,0.541,9.8,0.5,0.4,0.9,0.093,-2.6,0.3,-2.3,0.0,"$3,000,000","$586,136",,,,,,,,,,,,,,,,,,,,,,3.0,0.586136,3.089994502473887,0.586136
Nemanja_Bjelica_2020,,2020.0,Nemanja Bjelica,F,UFA,MIA,"6.5 Pts, 3.4 Reb, 1.9 Ast",GSW,/players/b/bjeline01.html,234.0,6-10,32.0,TOT,37.0,3.0,16.1,0.454,0.7,0.318,2.3,1.0,0.725,1.4,0.8,3.4,1.9,0.4,0.1,0.9,6.5,18.4,0.554,12.9,0.5,0.3,0.9,0.071,-1.4,-0.8,-2.2,0.0,"$7,150,000","$2,089,448",,,,,,,,,,,,,,,,,,,,,,7.15,2.089448,7.364486897562764,2.089448
Alize_Johnson_2020,,2020.0,Alize Johnson,F,UFA,BRK,"5.2 Pts, 5.0 Reb, 0.8 Ast",CHI,/players/j/johnsal02.html,212.0,6-7,24.0,BRK,18.0,0.0,10.5,0.588,0.1,0.167,0.3,0.7,1.0,0.7,1.5,5.0,0.8,0.3,0.3,0.5,5.2,19.1,0.638,23.5,0.6,0.3,0.9,0.227,2.7,0.0,2.7,0.2,"$399,591$221,996","$705,598",,,,,,,,,,,,,,,,,,,,,,0.621587,0.705598,0.6402334709364119,0.705598
Max_Strus_2020,,2020.0,Max Strus,G,RFA,MIA,"6.1 Pts, 1.1 Reb, 0.6 Ast",MIA,/players/s/strusma01.html,215.0,6-5,24.0,MIA,39.0,0.0,13.0,0.455,1.3,0.338,3.8,0.4,0.667,0.6,0.1,1.1,0.6,0.3,0.1,0.2,6.1,18.3,0.597,12.1,0.6,0.3,0.9,0.088,-0.5,-1.7,-2.2,0.0,< $Minimum,"$1,669,178",,,,,,,,,,,,,,,,,,,,,,0.0,1.669178,0.0,1.669178
Brad_Wanamaker_2020,,2020.0,Brad Wanamaker,G,UFA,CHO,"5.5 Pts, 1.7 Reb, 2.9 Ast",IND,/players/w/wanambr01.html,210.0,6-3,31.0,TOT,61.0,0.0,17.3,0.385,0.3,0.188,1.4,1.5,0.891,1.7,0.3,1.7,2.9,0.7,0.2,1.2,5.5,16.9,0.489,9.5,-0.2,1.0,0.9,0.039,-4.4,0.3,-4.0,-0.5,"$2,250,000","$705,598",,,,,,,,,,,,,,,,,,,,,,2.25,0.705598,2.317495876855415,0.705598
Hassan_Whiteside_2020,,2020.0,Hassan Whiteside,C,UFA,SAC,"8.1 Pts, 6.0 Reb, 0.6 Ast",UTA,/players/w/whiteha01.html,265.0,7-0,31.0,SAC,36.0,4,15.2,.563,0.0,.000,0.0,1.1,.519,2.2,1.7,6.0,0.6,0.3,1.3,1.1,8.1,23.5,0.566,19.2,0.3,0.6,0.9,0.081,-1.8,-0.4,-2.2,0.0,"$2,320,044","$2,401,537",,,,,,,,,,,,,,,,,,,,,,2.320044,2.401537,2.3896410684991753,2.401537
Ed_Davis_2020,,2020.0,Ed Davis,F,UFA,MIN,"2.1 Pts, 5.0 Reb, 0.9 Ast",CLE,/players/d/davised01.html,218.0,6-9,31.0,MIN,23.0,7.0,13.0,0.432,0.0,,0.0,0.4,0.833,0.5,2.0,5.0,0.9,0.6,0.6,0.3,2.1,7.9,0.487,13.1,0.5,0.4,0.8,0.135,-3.3,1.1,-2.2,0.0,"$5,005,350","$2,641,691",,,,,,,,,,,,,,,,,,,,,,5.00535,2.641691,5.155501327652557,2.641691
Terence_Davis_2020,,2020.0,Terence Davis,G,RFA,SAC,"8.7 Pts, 2.5 Reb, 1.4 Ast",SAC,/players/d/daviste02.html,201.0,6-4,23.0,TOT,61.0,4.0,17.6,0.428,1.6,0.367,4.4,0.7,0.818,0.9,0.3,2.5,1.4,0.7,0.2,1.0,8.7,21.8,0.555,12.7,0.1,0.8,0.8,0.038,-0.9,-0.9,-1.7,0.1,"$1,517,981","$4,000,000",,,,,,,,,,,,,,,,,,,,,,1.517981,4.0,1.5635176482866044,4.0
Skylar_Mays_2020,,2020.0,Skylar Mays,G,RFA,ATL,"3.8 Pts, 1.1 Reb, 0.9 Ast",ATL,/players/m/mayssk01.html,205.0,6-4,23.0,ATL,33.0,0,8.2,0.449,0.4,0.35,1.2,0.7,0.88,0.8,0.3,1.1,0.9,0.4,0.1,0.3,3.8,19.1,0.569,16.8,0.5,0.3,0.8,0.14,1.2,0.7,1.9,0.3,< $Minimum,"$34,231",,,,,,,,,,,,,,,,,,,,,,0.0,0.034231,0.0,0.034231
Alfonzo_McKinnie_2020,,2020.0,Alfonzo McKinnie,F,UFA,LAL,"3.1 Pts, 1.4 Reb, 0.2 Ast",CHI,/players/m/mckinal01.html,215.0,6-7,28.0,LAL,39.0,0.0,6.6,0.516,0.4,0.41,1.0,0.3,0.556,0.5,0.6,1.4,0.2,0.2,0.0,0.1,3.1,17.8,0.604,15.5,0.5,0.3,0.8,0.156,0.3,-0.8,-0.4,0.1,"$1,762,796","$1,090,007",,,,,,,,,,,,,,,,,,,,,,1.762796,1.090007,1.815676649660986,1.090007
Thanasis_Antetokounmpo_2020,,2020.0,Thanasis Antetokounmpo,F,RFA,MIL,"2.9 Pts, 2.2 Reb, 0.8 Ast",MIL,/players/a/antetth01.html,219.0,6-6,28.0,MIL,57.0,3,9.7,.489,0.1,.241,0.5,0.4,.510,0.9,0.9,2.2,0.8,0.4,0.2,0.8,2.9,15.3,0.523,10.3,0.0,0.6,0.7,0.057,-3.7,0.2,-3.5,-0.2,"$1,701,593","$1,729,217",,,,,,,,,,,,,,,,,,,,,,1.701593,1.729217,1.7526376718160162,1.729217
Amir_Coffey_2020,,2020.0,Amir Coffey,G,RFA,LAC,"3.2 Pts, 1.0 Reb, 0.5 Ast",LAC,/players/c/coffeam01.html,210.0,6-7,23.0,LAC,44.0,1,9.0,0.437,0.5,0.411,1.3,0.6,0.711,0.9,0.2,1.0,0.5,0.2,0.0,0.3,3.2,15.1,0.585,10.1,0.4,0.3,0.7,0.085,-1.9,-0.1,-2.0,0.0,< $Minimum,"$153,488",,,,,,,,,,,,,,,,,,,,,,0.0,0.153488,0.0,0.15348799999999999
Trent_Forrest_2020,,2020.0,Trent Forrest,G,RFA,UTA,"2.9 Pts, 1.5 Reb, 1.5 Ast",UTA,/players/f/forretr01.html,210.0,6-4,22.0,UTA,30.0,0,10.1,0.451,0.2,0.192,0.9,0.6,1.0,0.6,0.4,1.5,1.5,0.3,0.1,0.7,2.9,14.3,0.554,11.2,0.3,0.4,0.7,0.106,-2.5,1.2,-1.3,0.1,< $Minimum,"$8,558",,,,,,,,,,,,,,,,,,,,,,0.0,0.008558,0.0,0.008558
Luke_Kornet_2020,,2020.0,Luke Kornet,F,UFA,BOS,"3.4 Pts, 2.2 Reb, 0.8 Ast",BOS,/players/k/kornelu01.html,250.0,7-2,25.0,TOT,31.0,2.0,11.2,0.436,0.5,0.254,1.9,0.1,0.5,0.2,0.5,2.2,0.8,0.1,1.0,0.2,3.4,13.7,0.511,13.3,0.2,0.5,0.7,0.095,-0.8,1.6,0.8,0.3,"$2,250,000","$606,702",,,,,,,,,,,,,,,,,,,,,,2.25,0.606702,2.317495876855415,0.606702
Abdel_Nader_2020,,2020.0,Abdel Nader,F,UFA,PHO,"6.7 Pts, 2.6 Reb, 0.8 Ast",PHO,/players/n/naderab01.html,225.0,6-5,27.0,PHO,24.0,0.0,14.8,0.491,0.8,0.419,1.8,1.2,0.757,1.5,0.3,2.6,0.8,0.4,0.4,0.8,6.7,19.0,0.605,13.4,0.3,0.4,0.7,0.095,-1.0,1.0,0.0,0.2,"$1,752,950","$2,000,000",,,,,,,,,,,,,,,,,,,,,,1.75295,2.0,1.8055352877038666,2.0
Maurice_Harkless_2020,,2020.0,Maurice Harkless,F-G,UFA,SAC,"5.2 Pts, 2.4 Reb, 1.2 Ast",SAC,/players/h/harklma01.html,220.0,6-7,27.0,TOT,37.0,23.0,20.9,0.418,0.6,0.274,2.3,0.9,0.767,1.2,0.4,2.4,1.2,0.8,0.5,0.6,5.2,11.5,0.527,8.1,0.2,0.4,0.6,0.038,-3.8,0.1,-3.7,-0.3,"$3,623,000","$4,347,600",,,,,,,,,,,,,,,,,,,,,,3.623,4.3476,3.731683360820964,4.3476
Trey_Lyles_2020,,2020.0,Trey Lyles,F,UFA,SAS,"5.0 Pts, 3.7 Reb, 0.6 Ast",DET,/players/l/lylestr01.html,234.0,6-9,25.0,SAS,23.0,9.0,15.6,0.478,0.6,0.35,1.7,0.7,0.652,1.0,0.4,3.7,0.6,0.3,0.0,0.3,5.0,12.9,0.574,11.4,0.3,0.3,0.6,0.085,-1.3,-0.5,-1.8,0.0,"$5,500,000","$2,500,000",,,,,,,,,,,,,,,,,,,,,,5.5,2.5,5.664989921202126,2.5
Dennis_Smith_Jr_2020,,2020.0,Dennis Smith Jr.,G,UFA,DET,"6.7 Pts, 2.4 Reb, 3.3 Ast",POR,/players/s/smithde03.html,205.0,6-2,23.0,TOT,23.0,9.0,18.3,0.4,0.8,0.328,2.5,0.8,0.731,1.1,0.5,2.4,3.3,1.0,0.6,1.1,6.7,19.0,0.492,13.6,0.1,0.5,0.6,0.07,-1.1,1.5,0.4,0.3,"$5,686,677","$1,789,256",,,,,,,,,,,,,,,,,,,,,,5.686677,1.789256,5.857266889114898,1.789256
Caleb_Martin_2020,,2020.0,Caleb Martin,F,UFA,CHO,"5.0 Pts, 2.7 Reb, 1.3 Ast",MIA,/players/m/martica02.html,205.0,6-5,25.0,CHO,53.0,3.0,15.4,0.375,0.6,0.248,2.4,0.8,0.641,1.2,0.6,2.7,1.3,0.7,0.2,0.6,5.0,16.7,0.465,9.5,-0.4,0.9,0.5,0.03,-3.6,0.2,-3.4,-0.3,"$1,517,981","$527,614",,,,,,,,,,,,,,,,,,,,,,1.517981,0.527614,1.5635176482866044,0.527614
Rodney_McGruder_2020,,2020.0,Rodney McGruder,G,UFA,DET,"5.7 Pts, 1.4 Reb, 1.0 Ast",DET,/players/m/mcgruro01.html,205.0,6-4,29.0,DET,16.0,2.0,12.1,0.529,0.7,0.458,1.5,0.4,0.75,0.5,0.5,1.4,1.0,0.5,0.1,0.4,5.7,18.1,0.619,16.1,0.3,0.2,0.5,0.121,0.7,0.0,0.7,0.1,"$5,192,307","$1,939,350",,,,,,,,,,,,,,,,,,,,,,5.192307,1.93935,5.348066695052227,1.93935
Frank_Ntilikina_2020,,2020.0,Frank Ntilikina,G,UFA,NYK,"2.7 Pts, 0.9 Reb, 0.6 Ast",,/players/n/ntilila01.html,200.0,6-4,22.0,NYK,33.0,4.0,9.8,0.367,0.7,0.479,1.5,0.2,0.444,0.5,0.2,0.9,0.6,0.5,0.1,0.3,2.7,13.6,0.512,7.7,0.0,0.5,0.5,0.07,-4.2,2.5,-1.7,0.0,"$6,176,578","$1,789,256",,,,,,,,,,,,,,,,,,,,,,6.176578,1.789256,6.361864021367051,1.789256
ETwaun_Moore_2020,,2020.0,E'Twaun Moore,G-F,UFA,PHO,"4.9 Pts, 1.7 Reb, 1.5 Ast",ORL,/players/m/mooreet01.html,191.0,6-3,31.0,PHO,27.0,1.0,14.4,0.455,0.4,0.314,1.3,0.4,0.857,0.5,0.5,1.7,1.5,0.6,0.2,0.9,4.9,17.2,0.523,10.4,0.0,0.4,0.4,0.049,-3.1,0.2,-2.9,-0.1,"$2,331,593","$2,641,691",,,,,,,,,,,,,,,,,,,,,,2.331593,2.641691,2.4015365173355323,2.641691
Victor_Oladipo_2020,,2020.0,Victor Oladipo,G,UFA,MIA,"19.8 Pts, 4.8 Reb, 4.6 Ast",MIA,/players/o/oladivi01.html,213.0,6-4,28.0,TOT,33.0,33.0,32.7,0.408,2.4,0.326,7.2,3.2,0.754,4.2,0.4,4.8,4.6,1.4,0.4,2.5,19.8,28.5,0.512,14.3,-0.6,1.0,0.4,0.017,-0.9,-0.8,-1.7,0.1,"$21,000,000","$2,389,641",,,,,,,,,,,,,,,,,,,,,,21.0,2.389641,21.629961517317206,2.389641
Keita_Bates-Diop_2020,,2020.0,Keita Bates-Diop,F,RFA,SAS,"2.6 Pts, 1.6 Reb, 0.4 Ast",SAS,/players/b/bateske01.html,229.0,6-8,25.0,SAS,30.0,0.0,8.2,0.448,0.2,0.294,0.6,0.5,0.667,0.7,0.3,1.6,0.4,0.4,0.2,0.2,2.6,14.8,0.518,12.0,0.1,0.3,0.3,0.068,-2.3,0.4,-1.9,0.0,< $Minimum,"$1,729,217",,,,,,,,,,,,,,,,,,,,,,0.0,1.729217,0.0,1.729217
Armoni_Brooks_2020,,2020.0,Armoni Brooks,G,RFA,HOU,"11.2 Pts, 3.4 Reb, 1.5 Ast",HOU,/players/b/brookar01.html,195.0,6-3,22.0,HOU,20.0,5.0,26.0,0.406,3.0,0.382,7.9,0.4,0.583,0.6,0.5,3.4,1.5,0.6,0.3,1.1,11.2,17.9,0.565,10.4,0.1,0.2,0.3,0.03,-1.1,-2.1,-3.2,-0.2,< $Minimum,"$136,926",,,,,,,,,,,,,,,,,,,,,,0.0,0.136926,0.0,0.136926
Devontae_Cacok_2020,,2020.0,Devontae Cacok,F,RFA,LAL,"2.0 Pts, 1.6 Reb, 0.1 Ast",BRK,/players/c/cacokde01.html,240.0,6-7,24.0,LAL,20.0,1.0,4.9,0.586,0.0,,0.0,0.3,0.455,0.6,0.6,1.6,0.1,0.3,0.2,0.3,2.0,17.2,0.576,17.2,0.1,0.2,0.3,0.142,-1.5,0.4,-1.0,0.0,< $Minimum,"$364,533",,,,,,,,,,,,,,,,,,,,,,0.0,0.364533,0.0,0.36453300000000005
Carsen_Edwards_2020,,2020.0,Carsen Edwards,G,UFA,MEM,"4.0 Pts, 0.8 Reb, 0.5 Ast",DET,/players/e/edwarca01.html,200.0,5-11,22.0,BOS,31.0,1.0,8.9,0.423,0.6,0.286,2.0,0.4,0.846,0.4,0.1,0.8,0.5,0.2,0.0,0.2,4.0,19.3,0.527,10.2,0.1,0.2,0.3,0.051,-3.2,-1.3,-4.5,-0.2,"$1,517,981","$76,744",,,,,,,,,,,,,,,,,,,,,,1.517981,0.076744,1.5635176482866044,0.07674399999999999
Wenyen_Gabriel_2020,,2020.0,Wenyen Gabriel,F,UFA,NOP,"3.4 Pts, 2.6 Reb, 0.5 Ast",MIL,/players/g/gabriwe01.html,205.0,6-9,23.0,NOP,21.0,0.0,11.5,0.4,0.6,0.406,1.5,0.5,0.647,0.8,1.0,2.6,0.5,0.4,0.4,0.7,3.4,14.4,0.533,9.8,0.0,0.3,0.3,0.052,-3.2,-0.1,-3.3,-0.1,"$1,620,564","$29,814",,,,,,,,,,,,,,,,,,,,,,1.620564,0.029814,1.6691779503023638,0.029814
Timothe_Luwawu-Cabarrot_2020,,2020.0,Timothé Luwawu-Cabarrot,F,UFA,BRK,"6.4 Pts, 2.2 Reb, 1.2 Ast",ATL,/players/l/luwawti01.html,220.0,6-7,25.0,BRK,58.0,7.0,18.1,0.365,1.3,0.314,4.1,0.6,0.814,0.7,0.5,2.2,1.2,0.6,0.1,0.7,6.4,17.4,0.493,7.8,-0.3,0.7,0.3,0.015,-3.2,-1.2,-4.4,-0.6,"$1,824,003","$1,939,350",,,,,,,,,,,,,,,,,,,,,,1.824003,1.93935,1.8787197474986257,1.93935
Juwan_Morgan_2020,,2020.0,Juwan Morgan,F,RFA,UTA,"1.2 Pts, 1.0 Reb, 0.3 Ast",BOS,/players/m/morgaju01.html,232.0,6-7,23.0,UTA,29.0,0.0,5.1,0.467,0.1,0.308,0.4,0.1,0.429,0.2,0.3,1.0,0.3,0.1,0.0,0.1,1.2,10.9,0.529,8.5,0.1,0.2,0.3,0.105,-3.5,1.2,-2.3,0.0,"$1,517,981","$19,186",,,,,,,,,,,,,,,,,,,,,,1.517981,0.019186,1.5635176482866044,0.019185999999999998
Svi_Mykhailiuk_2020,,2020.0,Svi Mykhailiuk,G-F,UFA,OKC,"8.5 Pts, 2.5 Reb, 1.7 Ast",TOR,/players/m/mykhasv01.html,205.0,6-7,23.0,TOT,66.0,14.0,20.1,0.411,1.6,0.334,4.8,0.6,0.76,0.8,0.4,2.5,1.7,0.8,0.2,1.3,8.5,20.0,0.529,10.4,-0.8,1.1,0.3,0.01,-1.9,-0.7,-2.6,-0.2,"$1,663,861","$1,729,217",,,,,,,,,,,,,,,,,,,,,,1.663861,1.729217,1.7137737809602345,1.729217
Jabari_Parker_2020,,2020.0,Jabari Parker,F,UFA,BOS,"5.5 Pts, 3.2 Reb, 0.8 Ast",BOS,/players/p/parkeja01.html,245.0,6-8,25.0,TOT,13.0,0.0,12.7,0.545,0.2,0.182,0.8,0.8,0.769,1.0,0.8,3.2,0.8,0.1,0.4,0.8,5.5,18.5,0.593,14.7,0.2,0.1,0.3,0.089,-0.9,0.0,-0.9,0.0,"$6,500,000$430,729","$1,068,288",,,,,,,,,,,,,,,,,,,,,,6.930729,1.068288,7.138638169378781,1.068288
Gary_Payton_II_2020,,2020.0,Gary Payton II,G,UFA,GSW,"2.5 Pts, 1.1 Reb, 0.1 Ast",GSW,/players/p/paytoga02.html,190.0,6-3,28.0,GSW,10.0,0.0,4.0,0.769,0.2,0.5,0.4,0.3,0.75,0.4,0.2,1.1,0.1,0.6,0.1,0.1,2.5,16.8,0.847,29.2,0.2,0.1,0.3,0.331,1.0,8.2,9.2,0.1,"$237,966","$1,939,350",,,,,,,,,,,,,,,,,,,,,,0.237966,1.93935,0.24510454392523368,1.93935
Ben_McLemore_2020,,2020.0,Ben McLemore,G,UFA,LAL,"7.7 Pts, 1.9 Reb, 0.7 Ast",POR,/players/m/mclembe01.html,195.0,6-3,27.0,TOT,53.0,5.0,17.1,0.37,1.8,0.346,5.3,0.7,0.736,1.0,0.3,1.9,0.7,0.4,0.2,0.8,7.7,20.4,0.523,8.5,-0.5,0.7,0.2,0.013,-2.7,-1.2,-3.9,-0.4,"$2,283,034$569,674","$2,389,641",,,,,,,,,,,,,,,,,,,,,,2.852708,2.389641,2.9382840123877587,2.389641
Matt_Thomas_2020,,2020.0,Matt Thomas,G,UFA,UTA,"3.1 Pts, 1.0 Reb, 0.4 Ast",CHI,/players/t/thomama02.html,190.0,6-4,26.0,TOT,45.0,0.0,7.2,0.394,0.6,0.338,1.8,0.3,0.857,0.3,0.2,1.0,0.4,0.1,0.0,0.3,3.1,19.5,0.522,9.1,0.0,0.2,0.2,0.031,-2.6,-2.0,-4.6,-0.2,"$1,517,981","$1,669,178",,,,,,,,,,,,,,,,,,,,,,1.517981,1.669178,1.5635176482866044,1.669178
Killian_Tillie_2020,,2020.0,Killian Tillie,F,RFA,MEM,"3.2 Pts, 1.3 Reb, 0.4 Ast",MEM,/players/t/tilliki02.html,220.0,6-9,22.0,MEM,18.0,1,10.1,0.333,0.6,0.303,1.8,0.5,0.818,0.6,0.3,1.3,0.4,0.3,0.4,0.1,3.2,14.8,0.461,8.5,0.0,0.2,0.2,0.055,-3.4,-0.3,-3.7,-0.1,< $Minimum,"$2,000,000",,,,,,,,,,,,,,,,,,,,,,0.0,2.0,0.0,2.0
Rayjon_Tucker_2020,,2020.0,Rayjon Tucker,F,UFA,PHI,"2.4 Pts, 0.8 Reb, 0.4 Ast",PHI,/players/t/tuckera01.html,209.0,6-3,23.0,PHI,14.0,0.0,4.9,0.5,0.1,0.286,0.5,1.0,0.737,1.4,0.1,0.8,0.4,0.1,0.0,0.3,2.4,19.2,0.645,15.1,0.1,0.1,0.2,0.166,-3.0,-0.4,-3.4,0.0,"$340,000< $Minimum","$28,779",,,,,,,,,,,,,,,,,,,,,,0.34,0.028779,0.35019937694704056,0.028779
Gabe_Vincent_2020,,2020.0,Gabe Vincent,G,RFA,MIA,"4.8 Pts, 1.1 Reb, 1.3 Ast",MIA,/players/v/vincega01.html,200.0,6-3,24.0,MIA,50.0,7,13.1,0.378,0.9,0.309,3.0,0.4,0.87,0.5,0.2,1.1,1.3,0.4,0.0,0.7,4.8,19.1,0.498,7.6,-0.4,0.5,0.2,0.011,-4.5,-0.9,-5.4,-0.6,< $Minimum,"$1,669,178",,,,,,,,,,,,,,,,,,,,,,0.0,1.669178,0.0,1.669178
Devin_Cannady_2020,,2020.0,Devin Cannady,G,UFA,ORL,"4.3 Pts, 0.6 Reb, 0.1 Ast",ORL,/players/c/cannade01.html,183.0,6-2,24.0,ORL,8.0,0,9.3,0.393,0.8,0.375,2.0,0.8,0.857,0.9,0.0,0.6,0.1,0.6,0.1,0.3,4.3,19.3,0.547,11.2,0.0,0.1,0.1,0.057,-4.0,1.0,-3.1,0.0,"$61,528< $Minimum","$100,000",,,,,,,,,,,,,,,,,,,,,,0.061528,0.1,0.06337372724940443,0.1
Gary_Clark_2020,,2020.0,Gary Clark,F,UFA,PHI,"3.1 Pts, 2.9 Reb, 0.8 Ast",NOP,/players/c/clarkga01.html,225.0,6-6,26.0,TOT,39.0,11.0,16.8,0.303,0.8,0.287,2.8,0.2,0.8,0.3,0.8,2.9,0.8,0.3,0.2,0.4,3.1,10.1,0.436,6.0,-0.3,0.4,0.1,0.008,-4.2,-0.7,-4.9,-0.5,"$2,000,000< $Minimum","$377,645",,,,,,,,,,,,,,,,,,,,,,2.0,0.377645,2.0599963349825914,0.377645
Spencer_Dinwiddie_2020,,2020.0,Spencer Dinwiddie,G,UFA,BRK,"6.7 Pts, 4.3 Reb, 3.0 Ast",WAS,/players/d/dinwisp01.html,215.0,6-5,27.0,BRK,3.0,3.0,21.3,0.375,0.7,0.286,2.3,2.0,1.0,2.0,0.0,4.3,3.0,0.7,0.3,1.7,6.7,16.1,0.536,10.1,0.0,0.1,0.1,0.045,-2.4,2.6,0.2,0.0,"$11,454,048","$17,142,857",,,,,,,,,,,,,,,,,,,,,,11.454048,17.142857,11.79764845035734,17.142857
Isaac_Bonga_2020,,2020.0,Isaac Bonga,G,RFA,WAS,"2.0 Pts, 1.7 Reb, 0.6 Ast",TOR,/players/b/bongais01.html,180.0,6-8,21.0,WAS,40.0,8.0,10.8,0.37,0.3,0.277,1.2,0.1,0.625,0.2,0.5,1.7,0.6,0.3,0.2,0.6,2.0,10.2,0.461,4.0,-0.4,0.4,0.0,-0.001,-5.8,0.0,-5.8,-0.4,"$1,663,861","$1,729,217",,,,,,,,,,,,,,,,,,,,,,1.663861,1.729217,1.7137737809602345,1.729217
Marquese_Chriss_2020,,2020.0,Marquese Chriss,F,UFA,POR,"6.5 Pts, 6.5 Reb, 1.0 Ast",DAL,/players/c/chrisma01.html,240.0,6-9,23.0,GSW,2.0,0.0,13.5,0.357,0.5,0.2,2.5,1.0,0.5,2.0,1.5,6.5,1.0,0.0,1.0,1.0,6.5,28.1,0.412,11.8,-0.1,0.1,0.0,-0.03,-2.4,0.3,-2.1,0.0,"$1,824,003","$958,529",,,,,,,,,,,,,,,,,,,,,,1.824003,0.958529,1.8787197474986257,0.958529
Udonis_Haslem_2020,,2020.0,Udonis Haslem,F-C,UFA,MIA,"4.0 Pts, 1.0 Reb, 0.0 Ast",MIA,/players/h/hasleud01.html,235.0,6-8,40.0,MIA,1.0,0,3.0,1.000,0.0,,0.0,0.0,,0.0,0.0,1.0,0.0,0.0,0.0,0.0,4.0,30.1,1.0,54.6,0.0,0.0,0.0,0.475,24.1,7.0,31.1,0.0,"$2,564,753","$2,641,691",,,,,,,,,,,,,,,,,,,,,,2.564753,2.641691,2.6416908900678027,2.641691
Avery_Bradley_2020,,2020.0,Avery Bradley,G,UFA,HOU,"6.4 Pts, 2.1 Reb, 1.7 Ast",GSW,/players/b/bradlav01.html,180.0,6-3,30.0,TOT,27.0,6.0,22.3,0.374,1.2,0.327,3.7,0.4,0.8,0.6,0.3,2.1,1.7,0.8,0.1,1.0,6.4,14.9,0.487,6.3,-0.5,0.4,-0.1,-0.008,-4.9,-0.5,-5.4,-0.5,"$5,635,000","$2,641,691",,,,,,,,,,,,,,,,,,,,,,5.635,2.641691,5.804039673813451,2.641691
Didi_Louzada_2020,,2020.0,Didi Louzada,G,RFA,NOP,"2.7 Pts, 1.0 Reb, 1.0 Ast",NOP,/players/l/louzama01.html,188.0,6-5,21.0,NOP,3.0,0.0,18.7,0.231,0.7,0.25,2.7,0.0,,0.0,0.3,1.0,1.0,0.7,0.0,1.0,2.7,12.0,0.308,-0.9,-0.1,0.0,-0.1,-0.099,-7.8,-1.8,-9.6,-0.1,"$123,056","$1,786,878",,,,,,,,,,,,,,,,,,,,,,0.123056,1.786878,0.12674745449880886,1.786878
Tyrell_Terry_2020,,2020.0,Tyrell Terry,G,UFA,DAL,"1.0 Pts, 0.5 Reb, 0.5 Ast",MEM,/players/t/terryty01.html,160.0,6-2,20.0,DAL,11.0,0.0,5.1,0.313,0.0,0.0,0.6,0.1,0.333,0.3,0.0,0.5,0.5,0.5,0.0,0.2,1.0,15.3,0.318,6.0,-0.1,0.1,-0.1,-0.049,-7.5,2.6,-5.0,0.0,"$1,289,846","$1,517,981",,,,,,,,,,,,,,,,,,,,,,1.289846,1.517981,1.3285390163459776,1.517981
Rodney_Hood_2020,,2020.0,Rodney Hood,G-F,UFA,TOR,"4.5 Pts, 1.9 Reb, 1.0 Ast",MIL,/players/h/hoodro01.html,208.0,6-8,28.0,TOT,55.0,5.0,17.1,0.362,0.6,0.301,2.1,0.4,0.857,0.5,0.4,1.9,1.0,0.4,0.1,0.7,4.5,14.1,0.452,5.6,-0.7,0.3,-0.4,-0.019,-4.9,-1.4,-6.4,-1.0,"$10,047,450","$2,239,544",,,,,,,,,,,,,,,,,,,,,,10.04745,2.239544,10.348855087960418,2.239544
Justise_Winslow_2020,,2020.0,Justise Winslow,F,UFA,MEM,"6.8 Pts, 4.5 Reb, 1.9 Ast",LAC,/players/w/winslju01.html,222.0,6-6,24.0,MEM,26.0,1.0,19.5,0.352,0.4,0.185,2.1,0.8,0.571,1.3,0.7,4.5,1.9,0.6,0.5,1.4,6.8,21.9,0.395,6.2,-1.3,0.6,-0.7,-0.066,-6.2,0.2,-6.0,-0.5,"$13,000,000","$3,902,439",,,,,,,,,,,,,,,,,,,,,,13.0,3.902439,13.389976177386844,3.902439
